Perc_Change_1d,Date,Open_Prev_1d,High_Prev_1d,Low_Prev_1d,Close_Prev_1d,Volume_Prev_1d,100_mov_avg
0.00523672499151034,2014-03-28,564.86,565.4,550.5,556.58,3826676.0,562.2143999999995
-0.005047601940003494,2014-03-31,558.94,566.03,558.33,559.51,2258918.0,562.6559999999995
0.017957945244143292,2014-04-01,564.63,566.93,555.87,556.7,1942277.0,563.2222999999994
0.00017637306430565934,2014-04-02,559.57,568.18,558.44,566.88,2182626.0,563.7834999999994
0.004844314950679241,2014-04-03,282.43,571.83,561.44,566.98,2088804.0,564.4461999999994
-0.04897448171742096,2014-04-04,569.85,587.28,564.13,569.74,5087530.0,564.8024999999994
-0.00927250766514914,2014-04-07,574.65,577.77,543.0,543.14,6377658.0,565.1360999999994
0.03018561903045594,2014-04-08,540.74,548.48,527.15,538.15,4389569.0,565.6312999999994
0.01637891303577128,2014-04-09,542.6,555.0,541.61,554.9,3152406.0,566.1154999999994
-0.04286902671226535,2014-04-10,559.62,565.37,552.95,564.14,3324742.0,566.3539999999995
-0.019506219374293296,2014-04-11,565.0,565.0,539.9,540.95,4027743.0,566.4973999999994
0.003605498385037105,2014-04-14,532.55,540.0,526.53,530.6,3916171.0,566.6699999999994
0.0073074341958095455,2014-04-15,538.25,544.1,529.56,532.52,2568020.0,566.9134999999994
0.03611600244366966,2014-04-16,536.82,538.45,518.46,536.44,3847453.0,567.3724999999994
-0.038127215071814845,2014-04-17,543.0,557.0,540.0,556.54,4879889.0,567.5682999999995
-0.01415005107638761,2014-04-21,548.81,549.5,531.15,536.1,6795393.0,567.7001999999994
0.011574203922888392,2014-04-22,536.1,536.7,525.6,528.62,2561214.0,567.8238999999994
-0.014935286749914393,2014-04-23,528.64,537.23,527.51,534.81,2359421.0,567.8064999999995
-0.003389443217305367,2014-04-24,533.79,533.87,526.25,526.94,2051066.0,567.7478999999995
-0.01739703204308578,2014-04-25,530.07,531.65,522.12,525.16,1881965.0,567.6169999999995
0.0018756647007638545,2014-04-28,522.51,524.7,515.42,516.18,2097264.0,567.5213999999995
0.01999241993556958,2014-04-29,517.18,518.6,502.8,517.15,3326429.0,567.5373999999996
-0.001974708540614585,2014-04-30,516.9,529.46,516.32,527.7,2692489.0,567.5183999999996
0.008826573821398427,2014-05-01,527.6,528.0,522.52,526.66,1746904.0,567.5504999999996
-0.006478131570473496,2014-05-02,527.11,532.93,523.88,531.35,1900432.0,567.4857999999996
-0.00022735454045964373,2014-05-05,533.76,534.0,525.61,527.93,1685042.0,567.3785999999996
-0.02459525565865582,2014-05-06,524.82,528.9,521.32,527.81,1021408.0,567.1120999999996
-0.010157659424268583,2014-05-07,525.23,526.81,515.06,515.14,1684381.0,566.8305999999995
0.002035225048923719,2014-05-08,515.79,516.68,503.3,509.96,3216077.0,566.5960999999995
0.01490177934570975,2014-05-09,508.46,517.23,506.45,511.0,2016131.0,566.4847999999996
0.02111639492753612,2014-05-12,510.75,519.9,504.2,518.73,2432783.0,566.4244999999996
0.005946463073777547,2014-05-13,523.51,530.19,519.01,529.92,1908392.0,566.4113999999995
-0.012228235070730191,2014-05-14,530.89,536.07,529.51,533.09,1648907.0,566.2595999999995
-0.012827416439093731,2014-05-15,533.0,533.0,525.29,526.65,1191863.0,566.0336999999996
0.0012484874094846191,2014-05-16,525.7,525.87,517.42,519.98,1703758.0,565.7423999999995
0.01556177438263438,2014-05-19,521.39,521.8,515.44,520.63,1481688.0,565.4610999999995
0.0017177265605828344,2014-05-20,519.7,529.78,517.58,528.86,1276362.0,565.2051999999995
0.017014881062827163,2014-05-21,529.74,536.23,526.3,529.77,1780113.0,565.0128999999996
0.011228121674677818,2014-05-22,532.9,539.18,531.91,538.94,1193389.0,564.8770999999996
0.013823050479464628,2014-05-23,541.13,547.6,540.78,545.06,1611837.0,564.8622999999995
0.02341196218747239,2014-05-27,547.26,553.64,543.7,552.7,1929632.0,564.9238999999994
-0.007602193419740949,2014-05-28,556.0,566.0,554.35,565.95,2100298.0,564.9806999999995
-0.0028567347521780977,2014-05-29,564.57,567.84,561.0,561.68,1647717.0,565.0619999999996
-0.0003393523727876093,2014-05-30,563.35,564.0,558.71,560.08,1350657.0,565.0798999999995
-0.01075948224504908,2014-06-02,560.8,561.35,555.91,559.89,1766794.0,564.9305999999996
-0.016497229052739558,2014-06-03,560.7,560.9,545.73,553.93,1434989.0,564.6795999999996
-0.0005140821797086007,2014-06-04,550.99,552.34,542.55,544.94,1861921.0,564.4806999999996
0.016681711500270823,2014-06-05,541.5,548.61,538.75,544.66,1812084.0,564.3744999999996
0.00436791113188227,2014-06-06,546.4,554.95,544.45,553.9,1684886.0,564.3284999999996
0.010300291752650615,2014-06-09,558.06,558.06,548.93,556.33,1732592.0,564.2083999999996
-0.00280082062260289,2014-06-10,557.15,562.9,556.04,562.12,1463676.0,564.0764999999997
-0.003059909813184315,2014-06-11,560.51,563.6,557.9,560.55,1349444.0,563.8895999999997
-0.013584837217738295,2014-06-12,558.0,559.88,555.02,558.84,1097380.0,563.6561999999997
0.0007430767000144413,2014-06-13,557.3,557.99,548.46,551.35,1457104.0,563.3610999999997
-0.013742926434923235,2014-06-16,552.26,552.3,545.56,551.76,1217176.0,562.9845999999997
-0.0023388151231100384,2014-06-17,549.26,549.62,541.52,544.28,1704027.0,562.6199999999997
0.01872165097493542,2014-06-18,544.2,545.32,539.33,543.01,1445878.0,562.5401999999998
0.0027572535591998066,2014-06-19,544.86,553.56,544.0,553.37,1737343.0,562.5885999999998
0.0026242001581710337,2014-06-20,554.24,555.0,548.51,554.9,2451341.0,562.5427999999997
0.015204885388087496,2014-06-23,556.85,557.58,550.39,556.36,4496962.0,562.6631999999997
-0.0005844638872162533,2014-06-24,555.15,565.0,554.25,564.95,1534659.0,562.6380999999998
0.0242460900371554,2014-06-25,565.19,572.65,561.01,564.62,2201789.0,562.5256999999998
-0.004600694444444405,2014-06-26,565.26,579.96,565.22,578.65,1964447.0,562.6241999999997
0.0021481532811309144,2014-06-27,581.0,582.45,571.85,576.0,1737210.0,562.7114999999998
-0.0034070365734947096,2014-06-30,577.18,579.87,573.8,577.24,2231174.0,562.7539999999997
0.012682993804383248,2014-07-01,578.66,579.57,574.75,575.28,1310909.0,562.7866999999997
-0.0005666792595389759,2014-07-02,578.32,584.4,576.65,582.67,1446309.0,562.7287999999996
0.004087356557727475,2014-07-03,583.35,585.44,580.39,582.34,1054936.0,562.7172999999998
-0.004259338772005183,2014-07-07,583.35,585.01,580.92,584.73,712210.0,562.5948999999997
-0.01954157838519317,2014-07-08,583.76,586.43,579.59,582.25,1061833.0,562.3782999999997
0.008661991390084726,2014-07-09,577.66,579.53,566.14,571.09,1908647.0,562.1455999999997
-0.008720014008054663,2014-07-10,571.58,576.72,569.38,576.08,1113907.0,561.8485999999997
0.01395075796816176,2014-07-11,565.91,576.59,565.01,571.1,1353317.0,561.5920999999997
0.009728657650418134,2014-07-14,571.91,580.85,571.42,579.18,1617569.0,561.4350999999997
-0.00015390403228570033,2014-07-15,582.6,585.21,578.03,584.87,1852290.0,561.2683999999997
-0.0036384855661964178,2014-07-16,585.74,585.8,576.56,584.78,1618815.0,561.0820999999997
-0.015564812716783068,2014-07-17,588.0,588.4,582.2,582.66,1394560.0,560.7628999999998
0.03587752907172149,2014-07-18,579.53,580.99,568.61,573.73,3015475.0,560.6197999999998
-0.009517023767112854,2014-07-21,593.0,596.8,582.0,595.08,4006389.0,560.4197999999998
0.008861014897266001,2014-07-22,591.75,594.4,585.23,589.47,2060334.0,560.2771999999998
0.002080606731769538,2014-07-23,590.72,599.65,590.6,594.74,1694787.0,560.1647999999998
-0.004432459762366218,2014-07-24,593.23,597.85,592.5,595.98,1229846.0,560.0908999999998
-0.007351193507860584,2014-07-25,596.45,599.5,591.77,593.35,1033341.0,559.9125999999998
0.002675245513037658,2014-07-28,590.4,591.86,587.03,589.02,932724.0,559.7333999999998
-0.008521029354006948,2014-07-29,588.07,592.5,584.75,590.6,984161.0,559.4974999999998
0.0030812706411084837,2014-07-30,588.75,589.7,583.52,585.61,1346647.0,559.3037999999998
-0.027676696990902618,2014-07-31,586.55,589.5,584.0,587.42,1013932.0,558.9679999999998
-0.009769109827406456,2014-08-01,580.6,583.65,570.0,571.6,2099516.0,558.6346999999998
0.012352787228474094,2014-08-04,570.4,575.96,562.85,566.07,1950171.0,558.3356999999997
-0.01429911338418236,2014-08-05,569.04,575.35,564.1,573.15,1427169.0,558.0469999999998
0.0022953193142291337,2014-08-06,570.05,571.98,562.61,565.07,1556685.0,557.8525999999998
-0.005342942345924437,2014-08-07,561.78,570.7,560.0,566.37,1330877.0,557.5316999999999
0.009511753432846262,2014-08-08,568.0,569.89,561.1,563.36,1108900.0,557.1691999999998
-0.0015672325139113657,2014-08-11,563.56,570.25,560.35,568.77,1492491.0,556.8576999999998
-0.009151813480710069,2014-08-12,569.99,570.49,566.0,567.88,1215968.0,556.5051999999998
0.02096454295556553,2014-08-13,564.52,565.9,560.88,562.73,1537758.0,556.3436999999998
-0.00022622465848776726,2014-08-14,567.31,575.0,565.75,574.78,1437922.0,556.3062999999999
-0.002040175768989257,2014-08-15,576.18,577.9,570.88,574.65,982926.0,556.2532999999999
0.014909990380651283,2014-08-18,577.86,579.38,570.52,573.48,1517056.0,556.4206999999999
0.008008724397641763,2014-08-19,576.11,584.51,576.0,582.16,1282531.0,556.7235
-0.004054817019966132,2014-08-20,585.0,587.34,584.0,586.86,979298.0,556.9732999999999
-0.0019198793218712044,2014-08-21,585.88,586.7,582.57,584.49,1034779.0,557.2399999999999
-0.0013904147212305327,2014-08-22,583.82,584.5,581.14,583.37,912854.0,557.3968
-0.004067562909341434,2014-08-25,583.59,585.24,580.64,582.56,789484.0,557.5289999999999
-0.0040494237358530295,2014-08-26,584.72,585.0,579.0,580.2,1358810.0,557.6101999999998
-0.012014010507880934,2014-08-27,581.26,581.8,576.58,577.86,1635465.0,557.8888
-0.003162333099086357,2014-08-28,577.27,578.49,570.1,571.0,1700161.0,558.1992999999999
0.004198740377886594,2014-08-29,569.56,573.25,567.1,569.2,1295963.0,558.3662999999998
0.009924999566972126,2014-09-02,571.33,572.04,567.07,571.6,1081231.0,558.4981999999999
0.0010554728864588254,2014-09-03,571.85,577.83,571.19,577.33,1576830.0,558.8680999999999
0.006941819306505315,2014-09-04,580.0,582.99,575.0,577.94,1214586.0,559.3819
0.006995631995632034,2014-09-05,580.0,586.0,579.22,581.98,1459956.0,559.9175
0.00617242080987585,2014-09-08,583.98,586.55,581.95,586.08,1629477.0,560.4503
-0.014991136125023728,2014-09-09,586.6,591.77,586.3,589.72,1429101.0,560.695
0.0035842908592008775,2014-09-10,588.9,589.0,580.0,581.01,1286722.0,561.165
-0.0030102347983142685,2014-09-11,581.5,583.5,576.94,583.1,975145.0,561.6922999999999
-0.009954483860880473,2014-09-12,580.36,581.81,576.26,581.35,1217721.0,562.1004
-0.004397138370266937,2014-09-15,581.0,581.64,574.46,575.62,1597677.0,562.562
0.011811363048538706,2014-09-16,572.94,574.95,568.21,573.1,1596224.0,563.1098999999999
0.008242556902713779,2014-09-17,572.76,581.5,572.66,579.95,1478306.0,563.7957999999999
0.007636567278157721,2014-09-18,580.01,587.52,578.78,584.77,1690994.0,564.5169999999998
0.011424640987786972,2014-09-19,587.0,589.54,585.0,589.27,1442012.0,565.2007999999998
-0.01482881318419401,2014-09-22,591.5,596.48,589.5,596.08,3727045.0,565.8078999999999
-0.010737700686593377,2014-09-23,593.82,593.95,583.46,587.37,1687710.0,566.3056999999999
0.011666865082739526,2014-09-24,586.85,586.85,581.0,581.13,1467703.0,566.9062999999999
-0.022484610301533866,2014-09-25,581.46,589.63,580.52,587.99,1724537.0,567.3787999999998
0.003534915959106008,2014-09-26,587.55,587.98,574.18,575.06,1925350.0,567.9983999999998
-0.0012839197723645101,2014-09-29,576.06,579.25,574.66,577.1,1439807.0,568.6623999999998
0.001732021615629763,2014-09-30,571.75,578.19,571.17,576.36,1281204.0,569.3259999999998
-0.015995917433614358,2014-10-01,576.93,579.85,572.85,577.36,1618437.0,569.8213999999998
0.003174992983441024,2014-10-02,576.01,577.58,567.01,568.27,1445027.0,570.2229999999998
0.009039076623557105,2014-10-03,567.31,571.91,563.32,570.08,1175307.0,570.6448999999998
0.003585346843336018,2014-10-06,573.05,577.22,572.5,575.28,1138636.0,571.1518999999998
-0.024142335119026526,2014-10-07,578.8,581.0,574.44,577.35,1211320.0,571.5894999999997
0.015301310043668106,2014-10-08,574.4,575.27,563.74,563.74,1906427.0,572.1081999999998
-0.020717444016545437,2014-10-09,565.57,573.88,557.49,572.5,1987888.0,572.4283999999998
-0.03010156293044865,2014-10-10,571.18,571.49,559.06,560.88,2519693.0,572.5755999999998
-0.021154892068790856,2014-10-13,557.72,565.13,544.05,544.49,3078634.0,572.5182999999997
0.008792802171245897,2014-10-14,544.99,549.5,533.1,533.21,2578676.0,572.4470999999998
-0.014923683565081378,2014-10-15,538.9,547.19,533.17,537.94,2217230.0,572.2203999999998
-0.010524108215286614,2014-10-16,531.01,532.8,518.3,530.03,3712536.0,571.8059999999998
-0.026096993172525725,2014-10-17,519.0,529.43,515.0,524.51,3698423.0,571.3008999999998
0.01856616235312191,2014-10-20,527.25,530.98,508.53,511.17,5530674.0,570.9084999999998
0.010825388384548053,2014-10-21,509.45,521.76,508.1,520.84,2605505.0,570.5749999999998
0.011582286797694942,2014-10-22,525.19,526.79,519.11,526.54,2332531.0,570.3627999999998
0.02071767344387658,2014-10-23,529.89,539.8,528.8,532.71,2917183.0,570.3531999999998
-0.007780947793545603,2014-10-24,539.32,547.22,535.85,543.98,2345296.0,570.3043999999998
0.0018307228581467337,2014-10-27,544.36,544.88,535.79,539.78,1972047.0,570.1730999999996
0.014811441063946067,2014-10-28,537.03,544.41,537.03,540.77,1184973.0,570.0987999999996
0.0007827717401198981,2014-10-29,543.0,548.98,541.62,548.9,1273372.0,569.9708999999997
0.0017808144500370783,2014-10-30,550.0,554.19,546.98,549.33,1767107.0,569.8684999999996
0.015686484939543704,2014-10-31,548.95,552.8,543.51,550.31,1451667.0,569.8708999999997
-0.006952199128273501,2014-11-03,559.35,559.57,554.75,559.08,2032887.0,569.9095999999997
-0.00200321235855699,2014-11-04,555.5,557.9,553.23,555.22,1378511.0,569.9330999999997
-0.015002198124267393,2014-11-05,553.0,555.5,549.3,554.11,1240761.0,569.9494999999997
-0.007158143310456785,2014-11-06,556.8,556.8,544.05,545.92,2026740.0,569.9397999999997
-0.0019038465093066167,2014-11-07,545.5,546.88,540.97,542.04,1329604.0,569.8161999999996
0.011835832617947392,2014-11-10,546.21,546.21,538.67,541.01,1629259.0,569.7420999999996
0.005088226207999336,2014-11-11,541.46,549.59,541.02,547.49,1131546.0,569.6813999999996
-0.005444811898193014,2014-11-12,548.49,551.94,546.3,550.29,964866.0,569.5049999999997
-0.0035388169716527008,2014-11-13,550.39,550.46,545.17,547.31,1126594.0,569.3125999999996
-0.001800146950771525,2014-11-14,549.8,549.8,543.48,545.38,1335719.0,568.9700999999995
-0.01470615645561124,2014-11-17,546.68,546.68,542.15,544.4,1285991.0,568.5751999999997
-0.0027662000261667913,2014-11-18,543.58,543.79,534.06,536.51,1721282.0,568.1530999999997
0.0036499748598671044,2014-11-19,537.5,541.94,534.17,535.03,1957664.0,567.7701999999996
-0.004038666492156326,2014-11-20,535.0,538.24,530.08,536.99,1388440.0,567.2917999999996
0.00496744186046504,2014-11-21,531.25,535.11,531.08,534.83,1559131.0,566.8433999999996
0.003282214845995479,2014-11-24,541.61,542.14,536.56,537.5,2218249.0,566.3887999999996
0.003345161528794372,2014-11-25,537.65,542.7,535.62,539.27,1701682.0,565.9770999999996
-0.001313914540037449,2014-11-26,539.0,543.98,538.6,541.08,1784967.0,565.6698999999996
0.0026945720982596687,2014-11-28,540.88,541.55,537.04,540.37,1519503.0,565.3273999999997
-0.015043087298613877,2014-12-01,540.62,542.0,536.6,541.83,1145231.0,564.9543999999997
-9.36768149882052e-05,2014-12-02,538.9,541.41,531.86,533.8,2109599.0,564.5000999999997
-0.004573515019197376,2014-12-03,533.51,535.5,529.8,533.75,1522481.0,563.9645999999997
0.011148126779698677,2014-12-04,531.44,536.0,529.26,531.32,1279288.0,563.4898999999997
-0.022941019685489006,2014-12-05,531.16,537.34,528.59,537.31,1392208.0,562.9158999999996
0.0032638809822005148,2014-12-08,531.0,532.89,524.28,525.26,2558649.0,562.4483999999997
0.011980426345688707,2014-12-09,527.13,531.0,523.79,526.98,2327127.0,561.8312999999997
-0.01389575333612147,2014-12-10,522.14,534.19,520.5,533.37,1871268.0,561.1971999999996
0.004315402960215176,2014-12-11,533.08,536.33,525.56,526.06,1716835.0,560.5331999999996
-0.01866347896502538,2014-12-12,527.8,533.92,527.1,528.34,1610964.0,559.7599999999996
-0.0094589334371351,2014-12-15,523.51,528.5,518.66,518.66,1989117.0,558.9644999999997
-0.037162639536526716,2014-12-16,522.74,523.1,513.27,513.8,2812786.0,558.0281999999997
0.018815979718354494,2014-12-17,511.56,513.05,489.0,495.39,3953371.0,557.1710999999997
0.012150264136176944,2014-12-18,497.0,507.0,496.81,504.89,2875281.0,556.4259999999997
0.010167522029631063,2014-12-19,512.95,513.87,504.7,511.1,2918730.0,555.7152999999997
0.016232590927277194,2014-12-22,511.51,517.72,506.91,516.35,3680148.0,555.2479999999997
0.010780451949716404,2014-12-23,516.08,526.46,516.08,524.87,2723599.0,554.8931999999998
-0.0034419501862814647,2014-12-24,527.0,534.56,526.29,530.59,2191567.0,554.4493999999996
0.009849633915697603,2014-12-26,530.51,531.76,527.02,528.77,704035.0,554.1389999999997
-0.006976788037636814,2014-12-29,528.77,534.25,527.31,534.03,1037727.0,553.7785999999996
0.00016967685984675945,2014-12-30,532.19,535.48,530.01,530.33,2276104.0,553.4491999999996
-0.007636778115501485,2014-12-31,528.09,531.15,527.13,530.42,873923.0,553.0254999999996
-0.0030296678798041807,2015-01-02,531.25,532.6,525.8,526.4,1371819.0,552.5947999999996
-0.021289431179091874,2015-01-05,529.01,531.27,524.1,524.81,1446662.0,552.1061999999997
-0.023726990198422237,2015-01-06,523.26,524.33,513.06,513.87,2054238.0,551.3779999999997
-0.0017162243065255572,2015-01-07,515.0,516.18,501.05,501.96,2891950.0,550.6424999999996
0.003143152701519822,2015-01-08,507.0,507.24,499.65,501.1,2059366.0,549.9344999999996
-0.013120503053388941,2015-01-09,497.99,503.48,491.0,502.68,3344395.0,549.0745999999996
-0.007349507664196537,2015-01-12,504.76,504.92,494.79,496.17,2065715.0,548.1314999999996
0.007315893425772896,2015-01-13,494.94,495.98,487.56,492.55,2320446.0,547.2483999999996
0.009363707149559761,2015-01-14,498.84,502.98,492.39,496.18,2365687.0,546.4233999999996
0.001833436298053002,2015-01-15,494.65,503.23,493.0,500.87,2229638.0,545.6156999999996
0.012379940166902779,2015-01-16,505.57,505.68,497.76,501.79,2711355.0,544.8944999999997
-0.002327875320576064,2015-01-20,500.01,508.19,500.0,508.08,2292043.0,544.1848999999997
0.021504130955138576,2015-01-21,511.0,512.5,506.02,506.9,2225922.0,543.6552999999997
0.030595632403301005,2015-01-22,507.25,519.28,506.2,518.04,2262455.0,543.3071999999997
0.0102972497453469,2015-01-23,521.48,536.33,519.7,534.39,2669558.0,542.9906999999997
-0.008856336765008145,2015-01-26,535.59,542.17,533.0,539.95,2275485.0,542.5694999999997
-0.03196884098490261,2015-01-27,538.53,539.0,529.67,535.21,1539524.0,541.9763999999997
-0.01692156862745097,2015-01-28,529.97,530.7,518.19,518.63,1898844.0,541.2565999999996
0.0012924450710845277,2015-01-29,522.78,522.99,510.0,510.0,1679230.0,540.5023999999996
0.044638180049390026,2015-01-30,511.0,511.09,501.2,510.66,4174924.0,539.9503999999996
-0.011429003935815855,2015-02-02,515.86,539.87,515.52,534.52,5590977.0,539.4250999999996
0.001436021464741877,2015-02-03,531.73,533.0,518.55,528.48,2841976.0,538.8864999999996
-0.012395745657663207,2015-02-04,528.0,533.4,523.26,529.24,2033085.0,538.3005999999996
0.009136055195420694,2015-02-05,529.24,532.67,521.27,522.76,1659125.0,537.8201999999997
0.006440677966101618,2015-02-06,523.79,528.5,522.09,527.58,1844687.0,537.3991999999996
-0.006005721539131839,2015-02-09,527.64,537.2,526.41,531.0,1758650.0,536.8779999999997
0.01696651394941709,2015-02-10,528.0,532.0,526.02,527.83,1264276.0,536.3996999999997
-0.0018098027874694988,2015-02-11,529.3,537.7,526.92,536.94,1745076.0,535.8666999999998
0.012819332142264975,2015-02-12,535.3,538.45,533.38,535.97,1373970.0,535.3351999999998
0.011074479517677349,2015-02-13,537.25,544.82,534.67,542.93,1615824.0,534.9515999999998
-0.011366148404686388,2015-02-17,543.35,549.91,543.13,549.01,1895126.0,534.5686999999997
-0.005818047063183224,2015-02-18,546.83,550.0,541.09,542.84,1612439.0,534.0857999999997
0.005839335384161879,2015-02-19,541.4,545.49,537.51,539.7,1449089.0,533.7638999999998
-0.007273401985341792,2015-02-20,538.04,543.11,538.01,542.87,987478.0,533.3823999999997
-0.013235321764960385,2015-02-23,543.13,543.75,535.8,538.95,1441212.0,532.9378999999998
0.0077971982316403276,2015-02-24,536.05,536.44,529.41,531.91,1453907.0,532.5251999999997
0.014304889035982813,2015-02-25,530.0,536.79,528.25,536.09,1002393.0,532.2811999999998
0.02090084251458201,2015-02-26,535.9,546.22,535.44,543.87,1821041.0,532.1351999999998
0.005229226361031445,2015-02-27,543.21,556.14,541.5,555.48,2305219.0,531.9663999999998
0.022648510519130558,2015-03-02,554.24,564.71,552.9,558.4,2403553.0,531.9062999999999
0.004009483299630351,2015-03-03,560.53,572.15,558.75,571.34,2123796.0,532.0052999999998
-0.00047090011685296026,2015-03-04,570.45,575.39,566.52,573.64,1700084.0,532.0139999999999
0.0034067404793771162,2015-03-05,571.87,577.11,568.01,573.37,1871694.0,532.1584999999999
-0.013475901916572879,2015-03-06,575.02,577.91,573.41,575.33,1385818.0,532.3903999999999
0.0020567812252791995,2015-03-09,574.88,576.68,566.76,567.68,1654561.0,532.7467999999999
-0.024936487630853557,2015-03-10,566.86,570.27,563.54,568.85,1059336.0,532.9174999999999
-0.006948728183170727,2015-03-11,564.25,564.85,554.73,555.01,1787357.0,533.1289999999999
0.007794639160411228,2015-03-12,555.14,558.14,550.68,551.18,1815763.0,533.439
-0.014963823722867683,2015-03-13,553.51,556.37,550.46,555.51,1385772.0,533.8004999999999
0.012966402770013059,2015-03-16,553.5,558.4,544.22,547.32,1698872.0,534.1372
-0.006662551739161932,2015-03-17,550.95,556.85,546.0,554.51,1636493.0,534.3802
0.015478105451295743,2015-03-18,551.71,553.8,548.0,550.84,1800570.0,534.6481
-0.002706141687126993,2015-03-19,552.5,559.78,547.0,559.5,2128714.0,534.7882
0.0042294239417517395,2015-03-20,559.39,560.8,556.14,557.99,1194049.0,534.9939999999999
-0.002773751364506842,2015-03-23,561.65,561.72,559.05,560.36,2609690.0,535.1744
0.0199582595275261,2015-03-24,560.43,562.36,555.83,558.81,1639306.0,535.3873
-0.020419485307276716,2015-03-25,562.56,574.59,561.21,570.19,2576234.0,535.4817999999999
-0.006502512743844253,2015-03-26,570.5,572.26,558.74,558.78,2146384.0,535.5304
-0.012455775613670218,2015-03-27,557.59,558.9,550.65,555.17,1568331.0,535.4229999999999
0.006684419325036576,2015-03-30,553.0,555.28,548.13,548.34,1892323.0,535.3910999999998
-0.007354014598540096,2015-03-31,551.62,553.47,548.17,552.03,1283958.0,535.3299999999998
-0.010026540843409126,2015-04-01,550.0,554.71,546.72,548.0,1583677.0,535.2963999999998
-0.013127182417418209,2015-04-02,548.6,551.14,539.5,542.56,1957718.0,535.2312999999998
0.002291526939414297,2015-04-06,540.85,540.85,533.85,535.53,1711737.0,535.1887999999998
0.00048415329038022965,2015-04-07,532.22,538.41,529.57,536.76,1320767.0,535.0840999999998
0.008474732741271453,2015-04-08,538.08,542.69,536.0,537.02,1299298.0,534.9972999999998
-0.0015348200747069805,2015-04-09,538.38,543.85,538.38,541.61,1175332.0,534.9319999999998
-0.0014258995203792187,2015-04-10,541.03,541.95,535.49,540.78,1553586.0,534.8782999999999
-0.0015579501826882651,2015-04-13,542.29,542.29,537.31,540.01,1405574.0,534.8259999999998
-0.016553856596089617,2015-04-14,538.41,544.06,537.31,539.17,1640809.0,534.7647999999998
0.004018552945373944,2015-04-15,536.25,537.57,528.09,530.39,2597043.0,534.7397999999998
0.0023791682278006404,2015-04-16,528.7,534.73,523.22,532.53,2312512.0,534.7078999999999
-0.018605094933689535,2015-04-17,529.9,535.59,529.61,533.8,1296304.0,534.6000999999999
0.021162538757518102,2015-04-20,528.66,529.84,521.01,524.05,2145955.0,534.5788999999999
-0.0026405977863924344,2015-04-21,525.6,536.09,524.5,535.38,1675487.0,534.5258999999999
0.009993325422723203,2015-04-22,537.51,539.39,533.68,533.97,1839668.0,534.5086999999999
0.013967093235831785,2015-04-23,534.4,541.08,531.75,539.36,1589248.0,534.5749999999998
0.031961207659363514,2015-04-24,541.0,550.96,540.23,547.0,4173376.0,534.8072999999998
-0.017447827574409748,2015-04-27,566.1,571.14,557.25,565.06,4919031.0,535.0229999999998
-0.003052304580263067,2015-04-28,563.39,565.95,553.2,555.37,2398039.0,535.2222999999998
-0.008377649887083683,2015-04-29,554.64,556.02,550.37,553.68,1490983.0,535.3998999999999
-0.02184836416421634,2015-04-30,550.47,553.68,546.9,549.08,1698761.0,535.4001999999998
0.0010410857036622894,2015-05-01,547.87,548.59,535.05,537.34,2082214.0,535.5265999999998
0.005325640741151661,2015-05-04,538.43,539.54,532.1,537.9,1768181.0,535.6645999999997
-0.018801808590806365,2015-05-05,538.53,544.07,535.06,540.78,1307960.0,535.6388999999998
-0.012551981992293173,2015-05-06,538.21,539.74,530.39,530.8,1383068.0,535.6204999999998
0.012210288298473747,2015-05-07,531.24,532.38,521.08,524.22,1566987.0,535.6440999999999
0.01397198171751325,2015-05-08,523.99,533.46,521.75,530.7,1546278.0,535.8396999999998
-0.004704125443345122,2015-05-11,536.65,541.15,536.0,538.22,1527615.0,536.0586999999997
-0.01258884016331484,2015-05-12,538.37,541.98,535.4,535.7,905285.0,536.3951999999997
0.0010951248064650899,2015-05-13,531.6,533.21,525.26,529.04,1634174.0,536.6424999999998
0.016307578008915254,2015-05-14,530.56,534.32,528.66,529.62,1253063.0,536.9154999999998
-0.008522993350191917,2015-05-15,533.77,539.0,532.41,538.4,1403935.0,537.0904999999998
-0.0029118917903439194,2015-05-18,539.18,539.27,530.38,533.85,1971343.0,537.1647999999998
0.009416406133690745,2015-05-19,532.01,534.82,528.85,532.3,2003421.0,537.2324999999998
0.003541825059803008,2015-05-20,533.98,540.66,533.04,537.36,1966947.0,537.3374999999999
0.005972240143038855,2015-05-21,538.49,542.92,532.97,539.27,1430826.0,537.4222999999998
-0.00444353927903571,2015-05-22,537.95,543.84,535.98,542.51,1462695.0,537.5200999999998
-0.014634054703937412,2015-05-26,540.15,544.19,539.51,540.11,1176214.0,537.5390999999998
0.013838715055854895,2015-05-27,538.12,539.0,529.88,532.32,2406512.0,537.6729999999999
-1.8526066175091528e-05,2015-05-28,532.8,540.55,531.71,539.79,1525019.0,537.8226999999999
-0.01441431283005386,2015-05-29,538.01,540.61,536.25,539.78,1029849.0,538.0050999999999
0.0035206651809958902,2015-06-01,537.37,538.63,531.45,532.11,2597407.0,538.3253999999998
0.009625727957268336,2015-06-02,536.79,536.79,529.76,533.99,1904332.0,538.7061999999999
0.0020913919786788985,2015-06-03,532.93,543.0,531.33,539.18,1938989.0,539.0824999999999
-0.0067262902925282276,2015-06-04,539.91,543.5,537.11,540.31,1717036.0,539.4877999999999
-0.0063187894924343355,2015-06-05,537.76,540.59,534.32,536.7,1348337.0,539.8955999999998
-0.01233794582692709,2015-06-08,536.35,537.2,532.52,533.33,1388220.0,540.2020999999999
-0.00026581100837302083,2015-06-09,533.31,534.12,526.24,526.83,1524139.0,540.4602999999998
0.01863273025396411,2015-06-10,527.56,529.2,523.01,526.69,1455266.0,540.8092999999999
-0.0038906866687866684,2015-06-11,529.36,538.36,529.35,536.69,1814958.0,541.0745999999998
-0.0042830575019254455,2015-06-12,538.42,538.98,533.02,534.61,1217536.0,541.3288999999999
-0.009730652503793617,2015-06-15,531.6,533.12,530.16,532.33,955789.0,541.4204999999998
0.0017987314209976935,2015-06-16,528.0,528.3,524.0,527.2,1632702.0,541.3580999999998
0.002097267883459951,2015-06-17,528.4,529.64,525.56,528.15,1071814.0,541.2511999999999
0.013917612207255094,2015-06-18,529.37,530.98,525.1,529.26,1294216.0,541.2664
-7.453092101578867e-05,2015-06-19,531.0,538.15,530.79,536.73,1833109.0,541.447
0.0027871197904085917,2015-06-22,537.21,538.25,533.01,536.69,1893497.0,541.7289
0.004236974541148541,2015-06-23,539.59,543.74,537.53,538.19,1250282.0,542.0271
-0.0049085229808121114,2015-06-24,539.64,541.5,535.25,540.48,1197450.0,542.0603
-0.004876408273078889,2015-06-25,540.0,540.0,535.66,537.84,1286608.0,542.1278
-0.006658015008745629,2015-06-26,538.87,540.9,535.23,535.23,1335697.0,542.1523000000001
-0.019500690289921907,2015-06-29,537.26,537.76,531.35,531.69,2109130.0,542.1399
-0.0019404046031776352,2015-06-30,525.01,528.61,520.54,521.52,1937821.0,542.0692
0.0025486739230416236,2015-07-01,526.02,526.25,520.5,520.51,2235595.0,541.9775999999999
0.0029805120366831208,2015-07-02,524.73,525.69,518.23,521.84,1961354.0,541.9332999999999
-0.0010327812416324898,2015-07-06,521.08,524.65,521.08,523.4,1235903.0,541.7924999999999
0.004114128985562395,2015-07-07,519.5,525.25,519.0,522.86,1280525.0,541.6829999999999
-0.015846603331849816,2015-07-08,523.13,526.18,515.18,525.02,1597229.0,541.4219999999999
0.007394176845663189,2015-07-09,521.05,522.73,516.11,516.83,1296699.0,541.1386999999999
0.017825816309207262,2015-07-10,523.12,523.77,520.35,520.68,1842347.0,541.0115999999999
0.03004299698106296,2015-07-13,526.29,532.56,525.55,530.13,1956682.0,541.0800999999999
0.025931206558545833,2015-07-14,532.88,547.11,532.4,546.55,2206475.0,541.2624
-0.0015708114669237003,2015-07-15,546.76,565.85,546.71,561.1,3244066.0,541.4751
0.03385358282314391,2015-07-16,560.13,566.5,556.79,560.22,1784554.0,541.9544999999999
0.13832047909886605,2015-07-17,565.12,580.68,565.0,579.85,4768318.0,543.3228999999999
-0.014946758770474447,2015-07-20,649.0,674.47,645.0,672.93,11164943.0,544.5143999999999
-0.0010871206401933072,2015-07-21,659.24,668.88,653.01,663.02,5860872.0,545.5825999999998
-0.0003020691738407065,2015-07-22,655.21,673.0,654.3,662.3,3377196.0,546.6195999999999
-0.02765878189607011,2015-07-23,660.89,678.64,659.0,662.1,3929309.0,547.3489999999998
-0.03322855859901217,2015-07-24,661.27,663.63,641.0,644.28,3029109.0,547.8481999999999
0.005898670407805448,2015-07-27,647.0,648.17,622.52,623.56,3625747.0,548.3870999999998
0.0011783439490446004,2015-07-28,621.0,634.3,620.5,627.26,2675381.0,548.9137999999998
0.006219043248460985,2015-07-29,632.83,632.83,623.31,628.0,1727327.0,549.5562999999999
0.0010433298028740287,2015-07-30,628.8,633.36,622.65,631.93,1575069.0,550.1936999999998
-0.011157110659995874,2015-07-31,630.0,635.22,622.05,632.59,1474203.0,550.8996999999998
0.00887184930530255,2015-08-03,631.38,632.91,625.5,625.61,1706149.0,551.6999999999998
-0.003114819229241218,2015-08-04,625.34,633.06,625.34,631.21,1304511.0,552.4373999999998
0.022569821988878146,2015-08-05,628.42,634.81,627.16,629.25,1490881.0,553.4019999999997
-0.0017115827472459432,2015-08-06,634.33,647.86,633.16,643.78,2334266.0,554.2836999999997
-0.011616559105934197,2015-08-07,645.0,645.38,632.25,642.68,1572600.0,555.1282999999999
-0.0024773957363544985,2015-08-10,640.23,642.68,629.71,635.3,1403865.0,555.8705999999999
0.04093646902145942,2015-08-11,639.48,643.44,631.25,633.73,1809205.0,556.8984999999998
-0.0018497179938140994,2015-08-12,669.2,674.9,654.27,660.78,5029203.0,557.8904999999999
-0.004737603777896108,2015-08-13,663.08,665.0,652.29,659.56,2940803.0,558.8668999999998
0.0010196006817627817,2015-08-14,659.32,664.5,651.66,656.45,1810749.0,559.7361999999998
0.005674338372145807,2015-08-17,655.01,659.86,652.66,657.12,1072061.0,560.7570999999998
-0.007224178135430493,2015-08-18,656.8,661.38,651.24,660.87,1051699.0,561.7666999999998
0.007217430776214226,2015-08-19,661.9,664.0,653.46,656.13,1456059.0,562.8922999999999
-0.021752237836834925,2015-08-20,656.6,667.0,654.19,660.9,2134098.0,563.8403
-0.056083463949843294,2015-08-21,655.46,662.99,642.9,646.83,2855299.0,564.4851
-0.038788351622258785,2015-08-24,639.78,640.05,612.33,612.48,4265183.0,564.9556
-0.012971171356904905,2015-08-25,573.0,614.0,565.05,589.61,5770302.0,565.4209
0.07406700391333407,2015-08-26,614.91,617.45,581.11,582.06,3537966.0,566.3394999999999
0.014099527924593418,2015-08-27,610.35,631.71,599.05,628.62,4235891.0,567.3454
-0.011469272502300228,2015-08-28,639.4,643.59,622.0,637.61,3491336.0,568.2330999999999
-0.019619894864536993,2015-08-31,632.82,636.88,624.56,630.38,1978733.0,569.0078
-0.03422606600980284,2015-09-01,627.54,635.8,617.68,618.25,2176737.0,569.5856
0.02693947976690443,2015-09-02,602.36,612.86,594.1,597.79,3702105.0,570.3372999999999
-0.01334432989690727,2015-09-03,605.59,614.34,599.71,614.34,2575620.0,571.0958999999999
-0.009239220908939494,2015-09-04,617.0,619.71,602.82,606.25,1759572.0,571.7775999999999
0.0227117430774736,2015-09-08,600.0,603.47,595.25,600.7,2089453.0,572.5862
-0.0031662096879487216,2015-09-09,612.49,616.31,604.12,614.66,2279538.0,573.4729
0.013889112416512426,2015-09-10,621.22,626.52,609.6,612.72,1702094.0,574.3326
0.007063298016843184,2015-09-11,613.1,624.16,611.43,621.35,1900526.0,575.2505999999998
-0.004059431358706072,2015-09-14,619.75,625.78,617.42,625.77,1373545.0,576.0893999999998
0.018736026702774158,2015-09-15,625.7,625.86,619.43,623.24,1702271.0,576.9707999999998
0.0013207962514544982,2015-09-16,626.7,638.7,623.78,635.14,2084397.0,577.68
0.010763726862653538,2015-09-17,635.47,637.95,632.32,635.98,1286454.0,578.5552999999999
-0.021692491060786613,2015-09-18,637.79,650.9,635.02,642.9,2274690.0,579.3109999999999
0.009741281631625416,2015-09-21,636.79,640.0,627.02,629.25,5133386.0,580.1745999999999
-0.02047567810628081,2015-09-22,634.4,636.49,625.94,635.44,1788506.0,581.0281
-0.0005302397326306975,2015-09-23,627.0,627.55,615.43,622.69,2562869.0,581.8727
0.005496963886225537,2015-09-24,622.05,628.93,620.0,622.36,1470949.0,582.7229
-0.022599147017010518,2015-09-25,616.64,627.32,612.4,625.8,2240098.0,583.5346
-0.0287111903040899,2015-09-28,629.77,629.77,611.0,611.97,2174009.0,584.2413
0.0001344605610367597,2015-09-29,610.34,614.6,589.38,594.89,3127667.0,584.884
0.022106439630518282,2015-09-30,597.28,605.0,590.22,594.97,2310284.0,585.586
0.004694989284954775,2015-10-01,603.28,608.76,600.73,608.42,2413441.0,586.3419
0.024915857140578403,2015-10-02,608.37,612.09,599.85,611.29,1867601.0,587.3206
0.02269786583940022,2015-10-05,607.2,627.34,603.13,626.91,2684805.0,588.4391
0.006150842835894935,2015-10-06,632.0,643.01,627.0,641.47,1787880.0,589.5095
-0.004794819104552028,2015-10-07,638.84,649.25,636.53,645.44,2166264.0,590.5946
-0.00500657112460111,2015-10-08,649.24,650.61,632.15,642.36,2089776.0,591.6632000000001
0.0069141250135952605,2015-10-09,641.36,644.45,625.56,639.16,2180441.0,592.7257000000001
0.004731934371472228,2015-10-12,640.0,645.99,635.32,643.61,1645844.0,593.7997
0.008630998007051964,2015-10-13,642.09,648.5,639.01,646.67,1275206.0,594.8976000000001
-0.0017507217888076455,2015-10-14,643.15,657.81,643.15,652.3,1790704.0,596.0081000000001
0.01598815244658029,2015-10-15,653.21,659.39,648.85,651.16,1412040.0,597.3023000000001
0.0006946541830263309,2015-10-16,654.66,663.13,654.46,661.74,1830524.0,598.5264000000001
0.0058549767302206535,2015-10-19,664.11,664.97,657.2,662.2,1606138.0,599.7896000000001
-0.024327981792458712,2015-10-20,661.18,666.82,659.58,666.1,1465339.0,600.9713
-0.011935699724560711,2015-10-21,664.04,664.72,644.2,650.28,2490016.0,602.0575000000001
0.014084290952607359,2015-10-22,654.15,655.87,641.73,642.61,1791099.0,603.1836000000001
0.07152421652421657,2015-10-23,646.7,657.8,644.01,651.79,3782103.0,604.8005
0.015123881141446131,2015-10-26,727.5,730.0,701.5,702.0,6642504.0,606.5613000000001
-0.006055131335657474,2015-10-27,701.55,719.15,701.26,712.78,2701629.0,608.3129000000001
0.006255698155550931,2015-10-28,707.38,713.62,704.55,708.49,2224309.0,610.1741000000001
0.005537577414495221,2015-10-29,707.33,712.98,703.08,712.95,2176623.0,612.0764
-0.00859582729562051,2015-10-30,710.5,718.26,710.01,716.92,1454128.0,613.8176
0.014283535105601182,2015-11-02,715.73,718.0,710.05,710.81,1903980.0,615.6826
0.0014539714190760422,2015-11-03,711.06,721.62,705.85,721.11,1871073.0,617.5808999999999
0.008171842166705643,2015-11-04,718.86,724.65,714.72,722.16,1560770.0,619.59
0.004294017094017075,2015-11-05,722.0,733.1,721.9,728.11,1704575.0,621.621
0.0034207370257304717,2015-11-06,729.47,739.48,729.47,731.25,1860367.0,623.6659999999999
-0.012236339306653429,2015-11-09,731.5,735.41,727.01,733.76,1509656.0,625.5476
0.00470946836555369,2015-11-10,730.2,734.71,719.43,724.89,2065619.0,627.4639
0.00962741365243395,2015-11-11,724.4,730.59,718.5,728.32,1603937.0,629.4359999999999
-0.005702720074395141,2015-11-12,732.46,741.0,730.23,735.4,1366375.0,631.3435
-0.019846582984658325,2015-11-13,731.0,737.8,728.64,731.23,1668048.0,633.1351
0.016406935908691883,2015-11-16,729.17,731.15,716.73,717.0,2062982.0,635.0723999999999
-0.005046187784365204,2015-11-17,715.6,729.49,711.33,728.96,1891074.0,637.0084999999999
0.019864864864864926,2015-11-18,729.29,731.84,723.03,725.3,1491709.0,639.1932999999999
-0.0021532752806706734,2015-11-19,727.58,741.41,727.0,740.0,1671588.0,641.3723
0.024041765794343185,2015-11-20,738.74,742.0,737.43,738.41,1327109.0,643.7198999999999
-0.0008201275166009743,2015-11-23,746.53,757.92,743.0,756.6,2212302.0,646.0457
-0.01029026567595024,2015-11-24,757.45,762.71,751.82,755.98,1414487.0,648.2999
-0.00017376194613379062,2015-11-25,752.0,755.28,737.63,748.28,2333130.0,650.5312
0.0028123583824274435,2015-11-27,748.14,752.0,746.06,748.15,1122224.0,652.8655
-0.010315109076218647,2015-11-30,748.46,753.41,747.49,750.26,838518.0,655.0847000000001
0.03186274509803914,2015-12-01,748.81,754.93,741.27,742.6,2035261.0,657.4538
-0.006112437367192172,2015-12-02,747.11,768.95,746.7,767.04,2129940.0,659.6121
-0.013075716905413709,2015-12-03,768.9,775.96,758.96,762.38,2195686.0,661.5264999999999
0.018609564298848455,2015-12-04,766.01,769.0,745.63,752.54,2590641.0,663.5923999999999
-0.004664264657713653,2015-12-07,753.1,768.49,750.0,766.81,2757283.0,665.4263999999998
-0.0011542951585188236,2015-12-08,767.77,768.73,755.09,763.25,1812314.0,666.3207999999998
-0.01431593512592966,2015-12-09,757.89,764.8,754.2,762.37,1829475.0,667.2066999999998
-0.0028687321538173848,2015-12-10,759.17,764.23,737.0,751.61,2699990.0,668.0782999999999
-0.014332697226846443,2015-12-11,752.85,755.85,743.83,749.46,1988380.0,668.8459999999998
0.011902055444856008,2015-12-14,741.16,745.71,736.75,738.87,2224410.0,669.8808999999998
-0.005878396556362664,2015-12-15,741.79,748.73,724.17,747.77,2412497.0,671.0792999999998
0.019377646453587378,2015-12-16,753.0,758.08,743.01,743.4,2666229.0,672.3875999999998
-0.011555448807760675,2015-12-17,750.0,760.59,739.44,758.09,1993251.0,673.6018999999998
-0.01368843922035412,2015-12-18,762.42,762.68,749.0,749.43,1553418.0,674.6756999999998
0.011313639220616014,2015-12-21,746.51,754.13,738.15,739.31,3148743.0,675.8274999999999
0.0029733333333333578,2015-12-22,746.13,750.0,740.0,747.77,1525703.0,677.0713999999998
0.0004131625594753441,2015-12-23,751.65,754.85,745.53,750.0,1365520.0,678.2623999999997
-0.002552111170497018,2015-12-24,753.47,754.21,744.0,750.31,1566726.0,679.4538999999997
0.018504675348520037,2015-12-28,749.55,751.35,746.62,748.4,527223.0,680.6411999999997
0.018143188256502744,2015-12-29,752.92,762.99,749.52,762.51,1515716.0,681.9803999999998
-0.0072632944228275265,2015-12-30,766.69,779.98,766.43,776.6,1765012.0,683.3373999999998
-0.015970904490828594,2015-12-31,776.6,777.6,766.9,771.0,1293521.0,684.5888999999999
-0.022969912649627902,2016-01-04,769.5,769.5,758.34,758.88,1500923.0,685.3994999999999
0.0009965256268684977,2016-01-05,743.0,744.06,731.26,741.84,3258199.0,686.2296999999999
0.0013985637825770737,2016-01-06,746.45,752.0,738.64,742.58,1950691.0,687.1013999999999
-0.023720040198791308,2016-01-07,730.0,747.18,728.92,743.62,1947034.0,687.7940999999998
-0.016683695606533457,2016-01-08,730.31,738.5,719.06,726.39,2963741.0,688.3300999999999
0.0021786796642598014,2016-01-11,731.45,733.23,713.0,714.47,2450857.0,688.9290999999998
0.01382786783643461,2016-01-12,716.61,718.86,703.54,716.03,2090621.0,689.5808000000001
-0.036413726161927756,2016-01-13,721.68,728.75,717.32,726.07,2024509.0,690.1181
0.0198119543317664,2016-01-14,730.85,734.74,698.61,700.56,2468295.0,691.1405
-0.02918856649146804,2016-01-15,705.38,721.92,689.1,714.72,2211853.0,692.1889
0.010458969207312614,2016-01-19,692.29,706.74,685.37,694.45,3592449.0,693.3861999999999
-0.004782017324074619,2016-01-20,703.3,709.98,693.41,701.79,2258479.0,694.0844999999999
0.01152011774862365,2016-01-21,688.61,706.85,673.26,698.45,3439386.0,694.7742999999999
0.025729058945191268,2016-01-22,702.18,719.19,694.46,706.59,2410263.0,695.7229999999998
-0.019081877836637826,2016-01-25,723.6,728.13,720.12,725.25,2006528.0,696.6571999999999
0.0019213508358577424,2016-01-26,723.58,729.68,710.01,711.67,1704641.0,697.8096999999999
-0.01864312347319241,2016-01-27,713.85,718.28,706.48,713.04,1324300.0,698.6662
0.04236893947685239,2016-01-28,713.67,718.24,694.39,699.99,2139970.0,699.9133
0.016138367319469694,2016-01-29,722.22,733.69,712.35,730.96,2658016.0,701.3358000000001
0.012034574468085046,2016-02-01,731.53,744.99,726.8,742.95,3394935.0,702.7092
0.016543516641600704,2016-02-02,750.46,757.86,743.27,752.0,4801816.0,704.2284999999999
-0.05186051310268922,2016-02-03,784.5,789.87,764.65,764.65,6332431.0,705.2844999999999
-0.026751034589906998,2016-02-04,770.22,774.5,720.5,726.95,6162333.0,706.1068999999998
-0.03575347074915508,2016-02-05,722.81,727.0,701.86,708.01,5145855.0,706.7101999999998
-0.00121568972083083,2016-02-08,703.87,703.99,680.15,683.57,5069985.0,707.1861999999998
-0.006827800799280346,2016-02-09,667.85,684.03,663.06,682.74,4212541.0,707.6074999999998
0.008785008478044774,2016-02-10,672.32,699.9,668.77,678.11,3604335.0,708.0196999999998
-0.0014785320080221208,2016-02-11,686.86,701.31,682.13,684.12,2627379.0,708.5582999999999
-0.0010404454865182244,2016-02-12,675.0,689.35,668.87,683.11,3007223.0,709.0278999999998
0.012445730824891494,2016-02-16,690.26,693.75,678.6,682.4,2129831.0,709.7109999999998
0.02456239412761149,2016-02-17,692.98,698.0,685.05,691.0,2497024.0,710.5713999999997
-0.015845701584570094,2016-02-18,699.0,709.75,691.38,708.4,2466808.0,711.2868999999997
0.005079111440841114,2016-02-19,710.0,712.35,696.03,697.35,1859130.0,712.1762999999997
0.007856071115137543,2016-02-22,695.03,703.08,694.05,700.91,1582260.0,713.2919999999998
-0.015247538981102269,2016-02-23,707.45,713.24,702.51,706.46,1946067.0,714.3007999999999
0.005303333523929217,2016-02-24,701.45,708.4,693.58,695.85,1999699.0,715.2121999999998
0.008770811193765575,2016-02-25,688.92,700.0,680.78,699.56,1958611.0,716.1568
-0.0009644432467697532,2016-02-26,700.01,705.98,690.58,705.75,1631855.0,716.9384
-0.010461900053026166,2016-02-29,708.58,713.43,700.86,705.07,2239978.0,717.5014
0.029270600019476588,2016-03-01,700.32,710.89,697.68,697.77,2280280.0,718.2351
5.5644432079122635e-05,2016-03-02,703.62,718.81,699.77,718.81,2147442.0,719.0
-0.009025574801381298,2016-03-03,719.0,720.0,712.0,718.85,1627753.0,719.7325999999999
-0.002152231709547149,2016-03-04,718.68,719.45,706.02,712.42,1956761.0,720.4054
-0.0226278842280914,2016-03-07,714.99,716.49,706.02,710.89,1967873.0,720.8903
-0.001714771531910516,2016-03-08,706.9,708.09,686.9,695.16,2985094.0,721.307
0.01598037547501557,2016-03-09,688.59,703.79,685.34,693.97,2063357.0,721.8478
0.010633820599870992,2016-03-10,698.47,705.68,694.0,705.24,1418704.0,722.3586
0.01926199058914174,2016-03-11,708.12,716.44,703.36,712.82,2829412.0,723.0048000000002
0.005024024969540937,2016-03-14,720.0,726.92,717.12,726.82,1963907.0,723.6487000000001
-0.00296568863015387,2016-03-15,726.81,735.5,725.15,730.49,1716910.0,724.4292000000002
0.010542189134480824,2016-03-16,726.92,732.29,724.77,728.33,1720965.0,725.364
0.0022906557510368143,2016-03-17,726.37,737.47,724.51,736.09,1572329.0,726.2239000000002
-0.00024403470715828358,2016-03-18,736.45,743.07,736.0,737.78,1856800.0,726.5799000000002
0.006050479052406054,2016-03-21,741.86,742.0,731.83,737.6,2796376.0,726.8730000000002
-0.0018089773877826957,2016-03-22,736.5,742.5,733.52,742.09,1831839.0,727.1956000000001
-0.003644690133593549,2016-03-23,737.46,745.0,737.46,740.75,1264396.0,727.4467000000001
-0.0037535699714402165,2016-03-24,742.36,745.72,736.15,738.06,1421861.0,727.6305000000002
-0.0024129892437936853,2016-03-28,732.01,737.75,731.0,735.3,1564782.0,727.8577000000001
0.015091907568779636,2016-03-29,736.79,738.99,732.5,733.53,1299812.0,728.0943000000002
0.007674576632513012,2016-03-30,734.59,747.25,728.76,744.77,1902128.0,728.3780000000002
-0.00749043559970458,2016-03-31,750.1,757.88,748.74,750.53,1780998.0,728.5464000000002
0.00661412702857666,2016-04-01,749.25,750.85,740.94,744.95,1712375.0,728.7330000000002
-0.006198929275852359,2016-04-04,738.6,750.34,737.0,749.91,1574870.0,728.8483000000001
-0.010151802656546503,2016-04-05,750.06,752.8,742.43,745.29,1131843.0,728.9774000000002
0.010580804355697542,2016-04-06,738.0,742.8,735.37,737.8,1129829.0,729.1511000000002
-0.007308045604366027,2016-04-07,735.77,746.24,735.56,745.69,1050193.0,729.1999000000002
-0.0015287830616248332,2016-04-08,745.37,747.0,736.28,740.28,1429504.0,729.2791000000002
-0.004143458769188907,2016-04-11,743.97,745.45,735.55,739.15,1285755.0,729.4701000000002
0.009406666756382145,2016-04-12,743.02,745.0,736.05,736.1,1211762.0,729.6114000000001
0.011480338423881227,2016-04-13,738.0,743.83,731.01,743.09,1349734.0,729.8756000000001
0.0019649495485926953,2016-04-14,749.16,754.38,744.26,751.72,1707095.0,730.0076000000001
0.00764163372859019,2016-04-15,754.01,757.31,752.7,753.2,1130971.0,730.2135000000001
0.009926820678050135,2016-04-18,753.98,761.0,752.69,759.0,1800413.0,730.3136
-0.016818537530009503,2016-04-19,760.46,768.05,757.3,766.61,1555953.0,730.2931
-0.0016740404161186056,2016-04-20,769.51,769.9,749.33,753.93,2027642.0,730.337
0.008522802118186405,2016-04-21,758.0,758.13,750.01,752.67,1525591.0,730.4469
-0.05616539365861125,2016-04-22,755.38,760.45,749.55,759.14,2743620.0,730.1320000000001
0.006056834681601321,2016-04-25,726.3,736.12,713.61,718.77,5939199.0,729.9375
-0.021196373598440975,2016-04-26,716.1,723.93,715.59,723.15,1955567.0,729.3485000000001
-0.0032585288450639725,2016-04-27,725.42,725.77,703.03,708.14,2727185.0,728.7831
-0.021446557263176246,2016-04-28,707.29,708.98,692.37,705.84,3086722.0,728.1679
0.0028715314353328367,2016-04-29,708.26,714.17,689.55,691.02,2851108.0,727.4299000000001
0.007447616046748178,2016-05-02,690.7,697.62,689.0,693.01,2484273.0,726.7795000000001
-0.008449361603789968,2016-05-03,697.63,700.64,691.0,698.21,1644126.0,726.0794000000002
0.0048009199367543935,2016-05-04,696.87,697.84,692.0,692.36,1530993.0,725.5203000000001
0.008169026132329534,2016-05-05,690.49,699.75,689.01,695.7,1688569.0,725.04
0.01362639217009795,2016-05-06,697.7,702.32,695.72,701.43,1677405.0,724.7625
0.002496843877121578,2016-05-09,698.38,711.86,698.11,711.12,1826146.0,724.4137999999999
0.01421499488370803,2016-05-10,712.0,718.71,710.0,712.9,1508423.0,724.2115999999999
-0.011030491129471943,2016-05-11,716.75,723.5,715.72,723.18,1563105.0,723.7835999999999
-0.002775791731505262,2016-05-12,723.41,724.48,712.8,715.29,1686823.0,723.4223999999999
-0.00348887919755765,2016-05-13,717.06,719.25,709.0,713.31,1360732.0,723.1375999999999
0.007899621767226295,2016-05-16,711.93,716.66,709.26,710.83,1307338.0,722.8248
-0.0145278450363196,2016-05-17,709.13,718.48,705.65,716.49,1316177.0,722.3870999999999
0.000566067107255533,2016-05-18,715.99,721.52,704.11,706.23,1999456.0,721.9503
-0.00901016678090008,2016-05-19,703.67,711.6,700.63,706.63,1763394.0,721.4695000000002
0.01327246597345501,2016-05-20,702.36,706.0,696.8,700.32,1656321.0,720.9418000000002
-0.007809837555378848,2016-05-23,701.62,714.58,700.52,709.74,1816027.0,720.2182000000003
0.022011137496701833,2016-05-24,706.53,711.48,704.18,704.24,1320927.0,719.7091000000001
0.0071421677444261445,2016-05-25,706.86,720.97,706.86,720.09,1920411.0,719.3730000000002
-0.001588134563332013,2016-05-26,720.76,727.51,719.7,725.27,1629198.0,719.1958000000002
0.011656157016897284,2016-05-27,722.87,728.33,720.28,724.12,1542866.0,719.0966000000002
0.004159190996574864,2016-05-31,724.01,733.94,724.0,732.66,1974026.0,719.0176000000002
-0.002138527548866104,2016-06-01,731.74,739.73,731.26,735.72,2129545.0,719.0952000000002
-0.005134173055859803,2016-06-02,734.53,737.21,730.66,734.15,1253593.0,719.2545000000001
-0.011158180358279958,2016-06-03,732.5,733.02,724.17,730.4,1341807.0,719.3176000000001
-0.008080385178982734,2016-06-06,729.27,729.49,720.56,722.34,1226253.0,719.2224000000001
0.0001395381287937246,2016-06-07,724.91,724.91,714.61,716.55,1566059.0,719.3833
0.015969132751139665,2016-06-08,719.84,721.98,716.55,716.65,1336754.0,719.5189
0.0004117598616487801,2016-06-09,723.96,728.57,720.58,728.28,1583701.0,719.8602000000001
-0.012746556205779839,2016-06-10,722.87,729.54,722.34,728.58,988914.0,720.0364000000002
-0.0014616626760954876,2016-06-13,719.47,725.89,716.43,719.41,1216443.0,720.2355000000002
-0.00012530107062808113,2016-06-14,716.51,725.44,716.51,718.36,1258930.0,720.3523000000002
0.0009041339787458651,2016-06-15,716.48,722.47,713.12,718.27,1306065.0,720.2890000000002
-0.012050228053381308,2016-06-16,719.0,722.98,717.31,718.92,1214517.0,720.2759000000002
-0.026947319724744095,2016-06-17,714.91,716.65,703.26,710.36,1982471.0,720.0627000000003
0.0028686338671779403,2016-06-20,708.65,708.82,688.45,691.72,3402357.0,719.9999000000004
0.0032042992211972557,2016-06-21,698.77,702.48,693.41,693.71,2082538.0,719.6497000000003
0.0021793364494020902,2016-06-22,698.4,702.77,692.01,695.94,1465634.0,719.1948000000004
0.006283214840355006,2016-06-23,699.06,700.86,693.08,697.46,1184318.0,718.6935000000003
-0.039468617635733505,2016-06-24,697.45,701.95,687.0,701.87,2171415.0,717.7992000000004
-0.010415107892137846,2016-06-27,675.17,689.4,673.45,675.22,4449022.0,717.2123000000004
0.01732251044056228,2016-06-28,671.0,672.3,663.28,668.26,2641085.0,716.9326000000004
0.005949335633158483,2016-06-29,678.97,680.33,673.0,680.04,2173762.0,716.9380000000003
0.01154457448345616,2016-06-30,683.0,687.43,681.41,684.11,1932561.0,717.0316000000004
0.010168618869867441,2016-07-01,685.47,692.32,683.65,692.1,1597714.0,717.2426000000004
-0.006796354159167198,2016-07-05,692.2,700.65,692.13,699.21,1344710.0,717.3463000000005
0.004700689338893866,2016-07-06,696.06,696.94,688.88,694.49,1462616.0,717.4929000000005
-0.0034658306488724805,2016-07-07,689.98,701.68,689.09,697.77,1411925.0,717.6225000000006
0.014554369853889406,2016-07-08,698.08,698.2,688.22,695.36,1304200.0,717.7688000000006
0.01322910402886355,2016-07-11,699.5,705.71,696.44,705.63,1575166.0,717.8357000000007
0.007701487566607397,2016-07-12,708.05,716.51,707.24,715.09,1111762.0,718.0686000000006
-0.005104744902228749,2016-07-13,719.12,722.94,715.91,720.64,1336921.0,718.2293000000005
0.00550662320549279,2016-07-14,723.62,724.0,716.85,716.98,935876.0,718.3742000000004
-0.0015280961311384632,2016-07-15,721.58,722.21,718.03,720.95,950193.0,718.6142000000004
0.018983891629643694,2016-07-18,725.73,725.74,719.06,719.85,1279339.0,718.9564000000005
0.004315023881893269,2016-07-19,722.71,736.13,721.19,733.78,1295476.0,719.2685000000005
0.005707038681039974,2016-07-20,729.89,736.99,729.0,736.96,1227486.0,719.6297000000004
-0.003465876013701121,2016-07-21,737.33,742.13,737.1,741.19,1289671.0,720.0383000000005
0.005533564908312483,2016-07-22,740.36,741.69,735.83,738.63,1026306.0,720.2776000000006
-0.004014761344742322,2016-07-25,741.86,743.24,736.56,742.74,1259823.0,720.4868000000005
-0.001828227837815908,2016-07-26,740.67,742.61,737.5,739.77,1032432.0,720.7468000000005
0.004516224705771362,2016-07-27,739.04,741.69,734.27,738.42,1186738.0,721.0556000000006
0.0055502674585405564,2016-07-28,738.28,744.46,737.0,741.77,1512517.0,721.5631000000005
0.029761053083416793,2016-07-29,747.04,748.65,739.3,745.91,3530169.0,722.3113000000005
0.005291895248939075,2016-08-01,772.71,778.55,766.77,768.79,3841482.0,722.9877000000005
-0.002347387396734337,2016-08-02,761.09,780.43,761.09,772.88,2700470.0,723.5702000000005
0.002728989368581572,2016-08-03,768.69,775.84,767.85,771.07,1784525.0,724.0338000000004
-0.002034706652324278,2016-08-04,767.18,773.21,766.82,773.18,1287421.0,724.4450000000003
0.013563958988519871,2016-08-05,772.22,774.07,768.8,771.61,1140254.0,724.9839000000003
-0.0005884158821122037,2016-08-08,773.78,783.04,772.34,782.22,1801205.0,725.4406000000002
0.0031877183587075714,2016-08-09,782.0,782.63,778.09,781.76,1107857.0,725.9054000000002
0.0005352500382320935,2016-08-10,781.1,788.94,780.57,784.26,1318894.0,726.3762000000002
0.00021660189845202618,2016-08-11,783.75,786.81,782.78,784.68,786363.0,726.8038000000001
-0.0020811521666964524,2016-08-12,785.0,789.75,782.97,784.85,975113.0,727.2285000000002
-0.0009968815500229701,2016-08-15,781.5,783.4,780.4,783.22,740498.0,727.6723000000003
-0.006819878014257493,2016-08-16,783.75,787.49,780.11,782.44,938186.0,728.0907000000002
0.003551691861881476,2016-08-17,780.3,780.98,773.44,777.14,1028047.0,728.5545000000003
-0.003099678456591599,2016-08-18,777.32,780.81,773.53,779.91,924226.0,728.8818000000002
-0.00268241727064048,2016-08-19,780.01,782.86,777.0,777.5,719429.0,729.1307000000002
-0.004234928446545337,2016-08-22,775.0,777.1,773.13,775.42,861546.0,729.4027000000002
-9.066417987765041e-05,2016-08-23,773.27,774.54,770.05,772.15,951362.0,729.6244000000002
-0.0031703133932748486,2016-08-24,775.48,776.44,771.78,772.08,928232.0,729.8679000000002
-0.00029893034922865336,2016-08-25,770.58,774.5,767.07,769.64,1071999.0,730.1840000000002
0.00016893208930009545,2016-08-26,767.0,771.89,763.18,769.41,926883.0,730.4225000000001
0.0033801722463252136,2016-08-29,769.0,776.08,765.85,769.54,1166681.0,730.7412
-0.003978728107243554,2016-08-30,768.74,774.99,766.62,772.15,847565.0,731.0406000000002
-0.0026595397953198324,2016-08-31,769.33,774.47,766.84,769.09,1130029.0,731.3501000000001
0.0022503186867504593,2016-09-01,767.01,769.09,765.38,767.05,1248556.0,731.6070000000001
0.0034739325434890514,2016-09-02,769.25,771.02,764.3,768.78,925131.0,731.8044000000002
0.011050148702697165,2016-09-06,773.01,773.92,768.41,771.46,1072658.0,732.0732000000003
0.00034599859037608995,2016-09-07,773.45,782.0,771.0,780.08,1442822.0,732.2867000000002
-0.006487643811587438,2016-09-08,780.0,782.73,776.2,780.35,894021.0,732.3738000000003
-0.020614485427691443,2016-09-09,778.59,780.35,773.58,775.32,1270264.0,732.4311000000005
0.01217133494577516,2016-09-12,770.1,773.24,759.66,759.66,1885496.0,732.5946000000005
-0.012281325277415692,2016-09-13,755.13,770.29,754.0,769.02,1310986.0,732.6001000000006
0.003672179307269544,2016-09-14,764.48,766.22,755.8,759.69,1395046.0,733.0373000000005
0.012011506167720511,2016-09-15,759.61,767.68,759.11,762.49,1094490.0,733.5234000000005
-0.003745708042867542,2016-09-16,762.89,773.8,759.96,771.76,1346751.0,734.1308000000006
-0.004153062557137195,2016-09-19,769.75,769.75,764.66,768.88,2049338.0,734.7294000000006
0.007402030048871447,2016-09-20,772.42,774.0,764.44,765.7,1172824.0,735.5333000000006
0.006196696812759345,2016-09-21,769.0,773.33,768.53,771.41,978631.0,736.3654000000007
0.013960696637491913,2016-09-22,772.66,777.16,768.3,776.22,1167810.0,737.2554000000007
-0.00039395094675315684,2016-09-23,780.0,789.85,778.44,787.21,1486223.0,738.2008000000006
-0.016390901693338938,2016-09-26,786.59,788.93,784.15,786.9,1411937.0,738.9859000000007
0.011238681498320526,2016-09-27,782.74,782.74,773.07,774.21,1533206.0,739.8017000000007
-0.0018552638313117937,2016-09-28,775.5,785.99,774.31,783.01,1153247.0,740.5061000000007
-0.008451503851563147,2016-09-29,777.85,781.81,774.97,781.56,1109834.0,741.1272000000007
0.002933268149596641,2016-09-30,781.44,785.8,774.23,775.01,1314746.0,741.6683000000007
-0.006122501812157008,2016-10-03,776.33,780.94,774.09,777.29,1585333.0,742.2410000000008
0.00498435145473514,2016-10-04,774.25,776.06,769.5,772.56,1278821.0,742.8722000000007
5.1515190541910575e-05,2016-10-05,776.03,778.71,772.89,776.43,1201350.0,743.5286000000008
0.0005020209561568189,2016-10-06,779.31,782.07,775.65,776.47,1461151.0,744.1323000000007
-0.002296537131650891,2016-10-07,779.0,780.48,775.54,776.86,1070692.0,744.8208000000008
0.013817848690739768,2016-10-10,779.66,779.66,770.75,775.08,933158.0,745.6139000000007
-0.0036650618718633127,2016-10-11,777.71,789.38,775.87,785.94,1174923.0,746.4414000000007
0.0039051568422926405,2016-10-12,786.66,792.28,780.58,783.07,1372461.0,747.2054000000006
-0.010216014083963982,2016-10-13,783.76,788.13,782.06,786.14,937435.0,747.9449000000006
0.0004367204860441064,2016-10-14,781.22,781.22,773.0,778.19,1365277.0,748.5293000000006
0.0018334273552490688,2016-10-17,781.65,783.95,776.0,778.53,852487.0,749.0762000000007
0.019238991021804132,2016-10-18,779.8,785.85,777.5,779.96,1092973.0,749.7876000000007
0.007859673636408946,2016-10-19,787.85,801.61,785.56,795.26,2056903.0,750.4766000000006
-0.005759313399500506,2016-10-20,798.86,804.63,797.64,801.56,1766798.0,751.0891000000006
0.0030023643619349954,2016-10-21,803.3,803.97,796.03,796.97,1757528.0,751.7413000000006
0.01689808267024143,2016-10-24,795.0,799.5,794.0,799.37,1266181.0,752.5684000000007
-0.0067354241212377024,2016-10-25,804.9,815.18,804.82,813.11,1697514.0,753.4217000000007
-0.010762511419525084,2016-10-26,816.68,816.68,805.14,807.67,1576404.0,754.2469000000008
-0.004677186144464735,2016-10-27,806.34,806.98,796.32,799.07,1647733.0,755.0339000000008
2.514552975342521e-05,2016-10-28,801.0,803.49,791.5,795.35,2749221.0,755.7048000000009
-0.013804267468835294,2016-10-31,808.35,815.49,793.59,795.37,4269902.0,756.2644000000007
-0.0011868148696417221,2016-11-01,795.47,796.86,784.0,784.54,2427284.0,756.9064000000008
-0.019396383504618146,2016-11-02,782.89,789.49,775.54,783.61,2406356.0,757.4098000000007
-0.008620576542059818,2016-11-03,778.2,781.65,763.45,768.7,1918414.0,757.8484000000007
-0.00014435316658357214,2016-11-04,767.25,769.95,759.03,762.13,1943175.0,758.2794000000008
0.02619741348463937,2016-11-07,750.66,770.36,750.56,762.02,2134812.0,759.0010000000008
0.010107399020885264,2016-11-08,774.5,785.19,772.55,782.52,1585070.0,759.9889000000007
-0.006621588926665961,2016-11-09,783.4,795.63,780.19,790.51,1366873.0,760.9049000000007
-0.029833718002517835,2016-11-10,779.94,791.23,771.67,785.31,2607121.0,761.5711000000006
-0.011325959523620015,2016-11-11,791.17,791.17,752.18,762.56,4745183.0,762.1367000000006
-0.024372350831431286,2016-11-14,756.54,760.78,750.38,754.02,2431815.0,762.4788000000007
0.02954554443697342,2016-11-15,755.6,757.85,727.54,736.08,3654385.0,763.3115000000007
0.00783539137714526,2016-11-16,746.97,764.42,746.97,758.49,2384001.0,764.2737000000006
0.008752252894726606,2016-11-17,755.2,766.36,750.51,764.48,1472594.0,765.1856000000007
-0.01405580245614965,2016-11-18,766.92,772.7,764.23,771.23,1286961.0,765.9499000000006
0.011258450338013625,2016-11-21,771.37,775.0,760.0,760.54,1547145.0,766.7209000000006
-0.0012105119293999032,2016-11-22,762.61,769.7,760.6,769.2,1330639.0,767.4115000000005
-0.009566485761967928,2016-11-23,772.63,776.96,767.0,768.27,1593108.0,768.0765000000006
0.0009058922382101945,2016-11-25,767.73,768.28,755.25,760.99,1478417.0,768.7156000000004
0.008538998229719956,2016-11-28,764.26,765.0,760.52,761.68,587421.0,769.4444000000004
0.003372943801567151,2016-11-29,760.0,779.53,759.8,768.24,2188151.0,770.0965000000003
-0.016885652472165148,2016-11-30,771.53,778.5,768.24,770.84,1616618.0,770.5260000000003
-0.013530858915392028,2016-12-01,770.07,772.99,754.83,758.04,2392890.0,770.7988000000004
0.00343770819453703,2016-12-02,757.44,759.85,737.02,747.92,3017947.0,771.1340000000004
0.01576352095682734,2016-12-05,744.59,754.0,743.1,750.5,1452484.0,771.5497000000005
-0.004492102593826939,2016-12-06,757.71,763.9,752.9,762.52,1394223.0,771.9423000000004
0.015664103528313437,2016-12-07,764.73,768.83,757.34,759.11,1690689.0,772.3164000000004
0.006736044924138874,2016-12-08,761.0,771.36,755.8,771.19,1760966.0,772.7110000000004
0.016305793814694224,2016-12-09,772.48,778.18,767.23,776.42,1488059.0,773.1920000000002
-2.5339871020033463e-05,2016-12-12,780.0,789.43,779.02,789.29,1821914.0,773.6984000000002
0.008579324205501872,2016-12-13,785.04,791.25,784.36,789.27,2104117.0,774.2320000000003
0.0012169571053985563,2016-12-14,793.9,804.38,793.34,796.1,2145209.0,774.8050000000003
0.0009776273735664256,2016-12-15,797.4,804.0,794.01,797.07,1704150.0,775.3993000000004
-0.00891502276176033,2016-12-16,797.34,803.0,792.92,797.85,1626499.0,775.8896000000003
0.004281037522034866,2016-12-19,800.4,800.86,790.29,790.8,2443796.0,776.3725000000003
0.00278747394590783,2016-12-20,790.22,797.66,786.27,794.2,1232087.0,776.6488000000004
-0.0023409182440596228,2016-12-21,796.76,798.65,793.27,796.42,951014.0,776.8656000000003
-0.004170563405201773,2016-12-22,795.84,796.68,787.1,794.56,1211346.0,777.0675000000001
-0.0017090554620146888,2016-12-23,792.36,793.32,788.58,791.26,972169.0,777.2348000000003
0.00207188427768301,2016-12-27,790.9,792.74,787.28,789.91,623944.0,777.4342000000003
-0.008279727405897714,2016-12-28,790.68,797.86,787.66,791.55,789321.0,777.4625000000003
-0.002887108930875447,2016-12-29,793.7,794.23,783.2,785.05,1153824.0,777.4728000000002
-0.01421315850846041,2016-12-30,783.33,785.93,778.92,782.79,744272.0,777.3484000000004
0.018215585010303428,2017-01-03,782.75,782.78,770.41,771.82,1769950.0,777.3630000000005
0.0009658152242978662,2017-01-04,778.81,789.63,775.8,786.14,1657268.0,777.3835000000004
0.008967028538323978,2017-01-05,788.36,791.34,783.16,786.9,1072958.0,777.4915000000004
0.015046827513490041,2017-01-06,786.08,794.48,785.02,794.02,1335167.0,777.7286000000003
0.0006198475175106924,2017-01-09,795.26,807.9,792.2,806.15,1640170.0,778.0237000000002
-0.002311161918015897,2017-01-10,806.4,809.97,802.83,806.65,1274645.0,778.2725000000002
0.003861816291418604,2017-01-11,807.86,809.13,803.51,804.79,1176780.0,778.5766000000002
-0.0019222183640060946,2017-01-12,805.0,808.15,801.37,807.91,1065936.0,778.8860000000002
0.0018814675446848317,2017-01-13,807.14,807.39,799.17,806.36,1353057.0,779.2433000000003
-0.004064080734765889,2017-01-17,807.48,811.22,806.69,807.88,1099215.0,779.5686000000003
0.001811257086853544,2017-01-18,807.08,807.14,800.37,804.61,1362115.0,779.9329000000004
-0.004849285696477225,2017-01-19,805.81,806.2,800.99,806.07,1294407.0,780.2606000000003
0.003527862661797262,2017-01-20,805.12,809.48,801.8,802.18,919325.0,780.6154000000004
0.01744150565719931,2017-01-23,806.91,806.91,801.69,805.02,1670045.0,781.0870000000004
0.005534853799750032,2017-01-24,807.25,820.87,803.74,819.31,1963628.0,781.6348000000004
0.014120406380509,2017-01-25,822.3,825.9,817.82,823.87,1474010.0,782.3210000000004
-0.004230006609385306,2017-01-26,829.62,835.77,825.06,835.67,1627304.0,782.9547000000003
-0.01073714639686149,2017-01-27,837.81,838.0,827.01,832.15,2973891.0,783.4732000000002
-0.026161631269318843,2017-01-30,834.71,841.95,820.44,823.31,2965771.0,783.6956000000002
-0.006940348146939704,2017-01-31,814.66,815.84,799.8,802.32,3246573.0,783.8600000000001
-0.0013698630136985271,2017-02-01,796.86,801.25,790.52,796.79,2160556.0,784.0638
0.003544012122274589,2017-02-02,799.68,801.19,791.19,795.7,2029744.0,784.4525
0.0036931215610925107,2017-02-03,793.8,802.7,792.0,798.53,1532138.0,784.7772
-0.00018718646267499095,2017-02-06,802.99,806.0,800.37,801.49,1463448.0,785.1936999999999
0.006976715367361854,2017-02-07,799.7,801.67,795.25,801.34,1184483.0,785.6384999999999
0.0017442291991389793,2017-02-08,803.99,810.5,801.78,806.97,1241221.0,786.0047
0.0014575818963386902,2017-02-09,807.0,811.84,803.19,808.38,1155990.0,786.4114999999999
0.005051187827989251,2017-02-10,809.51,810.66,804.54,809.56,990391.0,786.8911999999999
0.006798984424588704,2017-02-13,811.7,815.25,809.78,813.67,1134976.0,787.3695
0.0014748004144067722,2017-02-14,816.0,820.96,815.49,819.24,1213324.0,787.8118
-0.0017949156267552653,2017-02-15,819.0,823.0,816.0,820.45,1054732.0,788.1294999999998
0.006285187342263578,2017-02-16,819.36,823.0,818.47,818.98,1313617.0,788.5020999999999
0.004721823034284639,2017-02-17,819.93,824.4,818.98,824.16,1287626.0,789.0406999999999
0.004316667869081017,2017-02-21,823.02,828.07,821.66,828.07,1611039.0,789.5272
-0.0010833453705040893,2017-02-22,828.66,833.45,828.35,831.66,1262337.0,790.0192
0.0006856482985096772,2017-02-23,828.66,833.25,828.64,830.76,987248.0,790.5824
-0.003246283066229068,2017-02-24,830.12,832.46,822.88,831.33,1472771.0,791.0959000000001
0.0007717538105344231,2017-02-27,827.73,829.0,824.2,828.64,1392202.0,791.6631000000001
-0.00737357417912797,2017-02-28,824.55,830.5,824.0,829.28,1101466.0,792.1309000000002
0.014403045831138323,2017-03-01,825.61,828.54,820.2,823.21,2260769.0,792.7186000000003
-0.0055500042136691595,2017-03-02,828.85,836.26,827.26,835.24,1496540.0,793.2563000000004
-0.001869542143098319,2017-03-03,833.85,834.51,829.64,830.63,942476.0,793.7963000000003
-0.0015704655826428136,2017-03-06,830.56,831.36,825.75,829.08,896378.0,794.2147000000003
0.004964479330696825,2017-03-07,826.95,828.88,822.4,827.78,1109037.0,794.7031000000003
0.004141877251996165,2017-03-08,827.4,833.41,826.52,831.91,1037630.0,795.1954000000002
0.00394667811322548,2017-03-09,833.51,838.15,831.79,835.37,989773.0,795.8003000000001
0.00541950785650762,2017-03-10,836.0,842.0,834.21,838.68,1261517.0,796.4475000000001
0.002708328405515959,2017-03-13,843.28,844.91,839.5,843.25,1704024.0,797.1033
9.460514178950465e-05,2017-03-14,844.0,848.68,843.25,845.54,1223647.0,797.6069
0.0018649669499528339,2017-03-15,843.64,847.24,840.8,845.62,780198.0,798.0633
0.0018614953226983757,2017-03-16,847.59,848.63,840.77,847.2,1381474.0,798.5814
0.0039196357320565554,2017-03-17,849.03,850.85,846.13,848.78,977560.0,799.1089
-0.004384724186704417,2017-03-20,851.61,853.4,847.11,852.12,1716471.0,799.4617999999999
-0.021602485369554152,2017-03-21,850.01,850.22,845.15,848.4,1231521.0,799.6897
-0.001048710808953826,2017-03-22,851.4,853.5,829.02,830.46,2463484.0,799.9948999999999
-0.014689693974901526,2017-03-23,831.91,835.55,827.18,829.59,1401465.0,800.2171999999998
-0.0038677357170046425,2017-03-24,821.0,822.57,812.26,817.58,3487056.0,800.4077999999998
0.0061988261278081306,2017-03-27,820.08,821.93,808.89,814.43,1981006.0,800.7574999999998
0.0017175851483700827,2017-03-28,806.95,821.63,803.37,819.51,1894990.0,801.1305999999998
0.012617120313683994,2017-03-29,820.41,825.99,814.03,820.92,1620542.0,801.7576999999999
0.00010823812387255783,2017-03-30,825.0,832.76,822.38,831.41,1786321.0,802.4513999999998
-0.002338589131587896,2017-03-31,833.5,833.68,829.0,831.5,1055339.0,803.1267999999998
0.010720887245841047,2017-04-03,828.97,831.64,827.39,829.56,1401893.0,803.6870999999998
-0.004768922918388996,2017-04-04,829.22,840.85,829.22,838.55,1671503.0,804.1276999999999
-0.003800772182196608,2017-04-05,831.36,835.18,829.04,834.57,1045363.0,804.5886999999999
-0.00426390298110834,2017-04-06,835.51,842.45,830.72,831.41,1555328.0,805.2419
-0.0038924660773400712,2017-04-07,832.4,836.39,826.46,827.88,1254433.0,805.9484
7.2751082172419e-05,2017-04-10,827.96,828.48,820.51,824.67,1057253.0,806.8349
-0.001676079431590448,2017-04-11,825.39,829.35,823.77,824.73,978905.0,807.4834999999999
0.0011767274844720827,2017-04-12,824.71,827.43,817.02,823.35,1079732.0,808.0819
-0.0009228228665793684,2017-04-13,821.93,826.66,821.02,824.32,900480.0,808.6052000000001
0.016257152071861167,2017-04-17,822.14,826.38,821.44,823.56,1122362.0,809.3715000000001
-0.0004182500418248955,2017-04-18,825.01,837.75,824.47,837.17,895015.0,810.0477000000002
0.0016582956538337484,2017-04-19,834.22,838.93,832.71,836.82,836722.0,810.7471000000002
0.004087209647715726,2017-04-20,839.79,842.22,836.29,838.21,954330.0,811.5537
0.0018263973718854317,2017-04-21,841.44,845.2,839.32,841.65,959031.0,812.3688000000002
0.022683017293337587,2017-04-24,842.88,843.88,840.6,843.19,1323583.0,813.3140000000001
0.01093660437922729,2017-04-25,851.2,863.45,849.86,862.76,1372541.0,814.3286000000002
-0.0006538721851948841,2017-04-26,865.0,875.0,862.81,872.3,1671972.0,815.4655000000001
0.0028824706891621183,2017-04-27,874.23,876.05,867.75,871.73,1237167.0,816.7288000000002
0.035001545322089316,2017-04-28,873.6,875.4,870.38,874.25,2026816.0,818.2834000000003
0.007243279967564147,2017-05-01,910.66,916.85,905.77,905.96,3276255.0,819.7839000000002
0.004222862380515914,2017-05-02,901.94,915.68,901.45,912.57,2115993.0,821.3572000000003
0.01143424231964091,2017-05-03,909.62,920.77,909.45,916.44,1587219.0,822.9157000000002
0.00495889058240131,2017-05-04,914.86,928.1,912.54,927.04,1499532.0,824.4681000000003
-0.004886046185540294,2017-05-05,926.07,935.93,924.59,931.66,1422144.0,825.8465000000003
0.007674194584180626,2017-05-08,933.54,934.9,925.2,927.13,1911275.0,827.2968000000004
-0.0022849909351298535,2017-05-09,926.12,936.92,925.26,934.3,1329825.0,828.6575000000003
-0.003649949395981811,2017-05-10,936.95,937.5,929.53,932.17,1581809.0,829.9746000000002
0.001955727487642435,2017-05-11,931.98,932.0,925.16,928.78,1173925.0,831.3021000000002
0.001737787217609582,2017-05-12,925.32,932.53,923.03,930.6,835386.0,832.7163000000002
0.0051863234729158806,2017-05-15,931.53,933.44,927.85,932.22,1050601.0,834.1451000000002
0.006277836691410349,2017-05-16,932.95,938.25,929.34,937.08,1108496.0,835.6109000000002
-0.025423544507513968,2017-05-17,940.0,943.11,937.58,943.0,969479.0,836.8615000000002
0.011416408668730655,2017-05-18,935.67,939.33,918.14,919.62,2362072.0,838.2513000000004
0.004036359353754223,2017-05-19,921.0,933.17,918.75,930.24,1596897.0,839.6923000000003
0.008334572017072625,2017-05-22,931.47,937.76,931.0,934.01,1393024.0,841.1954000000002
0.007335427162159351,2017-05-23,935.0,941.88,935.0,941.86,1120385.0,842.8331000000003
0.006429588673871142,2017-05-24,947.92,951.47,942.58,948.82,1270817.0,844.5548000000003
0.015038059285846821,2017-05-25,952.98,955.09,949.5,954.96,1034199.0,846.5320000000003
0.0019866799798244554,2017-05-26,957.33,972.63,955.47,969.54,1660474.0,848.3853000000003
0.004518998237488183,2017-05-30,969.7,974.98,965.03,971.47,1252010.0,850.2751000000004
-0.011421346102025146,2017-05-31,970.31,976.2,969.49,975.88,1466654.0,851.9835000000004
0.002161435441336193,2017-06-01,975.02,979.27,960.18,964.86,2448067.0,853.5915000000003
0.008866338663386611,2017-06-02,968.95,971.5,960.01,966.95,1410458.0,855.2810000000005
0.008214053350683075,2017-06-05,969.46,975.88,966.0,975.6,1750955.0,857.0699000000005
-0.007280584085114124,2017-06-06,976.55,986.91,975.1,983.68,1252106.0,858.7565000000005
0.004596974762506616,2017-06-07,983.16,988.25,975.14,976.57,1814624.0,860.5037000000005
0.0023693067998087547,2017-06-08,979.65,984.15,975.77,981.08,1453874.0,862.2590000000005
-0.03535369487171381,2017-06-09,982.35,984.57,977.2,983.41,1481916.0,863.7112000000005
-0.007349665924276237,2017-06-12,984.5,984.5,935.63,949.83,3309389.0,865.0795000000004
0.011013215859030838,2017-06-13,939.56,949.36,915.23,942.9,3763529.0,866.5917000000004
-0.0027767259876309335,2017-06-14,951.91,959.98,944.09,953.4,2013337.0,868.0491000000003
-0.008967324977979694,2017-06-15,959.92,961.15,942.25,950.76,1489715.0,869.2791000000003
-0.002692119432207509,2017-06-16,933.97,943.34,924.44,942.31,2133050.0,870.4382000000004
0.018373251720860306,2017-06-19,940.0,942.04,931.6,939.78,3094711.0,871.6552000000004
-0.007090035029401564,2017-06-20,949.96,959.99,949.05,957.37,1533336.0,872.8400000000005
0.0091927666892491,2017-06-21,957.52,961.62,950.01,950.63,1125990.0,874.2014000000004
,2017-06-23,953.64,960.1,950.76,959.45,1202233.0,866.1782000000004
