Perc_Change_1d,Open_Prev_1d,High_Prev_1d,Low_Prev_1d,Close_Prev_1d,Volume_Prev_1d,100_mov_avg
-0.0011735558742991708,77.14,77.36,76.45,76.78,55507676,76.68190000000001
-0.00013041210224296954,76.9,76.99,76.32,76.69,50141063,76.69620000000002
0.009046265184802128,77.03,77.26,76.56,76.68,42167188,76.71940000000001
0.0016772029415560528,76.82,77.41,76.68,77.38,50189685,76.75030000000001
-0.007015720410549646,77.48,77.64,77.18,77.51,45104871,76.78790000000002
-0.01316309069369488,77.34,77.5,76.81,76.97,40648111,76.80390000000003
-0.015913345814388843,77.12,77.14,75.8,75.97,68812485,76.81020000000002
0.0,75.43,75.84,74.56,74.78,72462530,76.81510000000002
0.012935586061246092,75.03,75.16,74.1,74.78,60971883,76.82890000000002
-0.013105108317732067,74.66,75.78,74.57,75.76,51542722,76.82220000000002
-0.007409403206250803,75.81,76.03,74.74,74.78,59912818,76.81450000000001
0.004025224741714708,74.14,74.69,73.88,74.23,67975012,76.81890000000001
-0.007298283551831414,74.56,74.59,73.89,74.53,51445177,76.81660000000001
0.002023199352576284,74.32,74.52,73.05,73.99,66622577,76.82230000000001
0.011334844645952719,74.01,74.44,73.45,74.14,53732994,76.82770000000001
0.0117290458618872,74.29,75.39,74.17,74.99,71106721,76.84390000000002
0.0010531858873090876,75.05,76.02,74.85,75.88,45668931,76.85530000000001
-0.013340448239060833,75.47,75.98,75.21,75.96,50664453,76.84290000000001
0.07582295647885595,75.58,75.88,74.92,74.96,98735259,76.87410000000001
0.0073430424672621996,81.17,81.43,80.1,81.11,189978082,76.89680000000003
0.03723341581241912,80.65,81.71,80.57,81.71,97568814,76.95800000000003
-0.0029543843063105646,81.83,85.11,81.79,84.87,167371680,76.99520000000003
-0.0037959667852907166,84.82,85.14,84.22,84.62,84344673,77.03110000000002
0.002366863905325477,84.66,85.63,84.26,84.3,114220883,77.06480000000002
0.0017720023626698839,84.57,84.97,83.77,84.5,61052418,77.11130000000001
0.01397786837507267,84.62,84.89,84.24,84.65,47878572,77.16060000000002
-0.010951483749411123,84.31,85.86,84.29,85.85,71766758,77.20190000000002
-0.003545261167572644,85.97,86.34,84.92,84.92,93641373,77.24620000000003
-0.007380952380952435,85.04,85.33,83.96,84.62,70715988,77.28540000000002
-0.004184100418409974,84.04,84.92,83.77,84.0,57574363,77.32990000000002
0.01228008029283259,83.51,83.75,82.9,83.65,72899498,77.38040000000002
0.0015326573921244455,83.93,84.81,83.91,84.69,53324677,77.43580000000001
0.00023573785950035633,84.57,84.93,84.39,84.82,39934594,77.49740000000001
-0.008559201141226805,84.63,85.34,84.53,84.84,41600846,77.56080000000001
0.014526710402999002,84.96,85.23,84.01,84.12,57711731,77.63010000000001
0.01169387518814409,84.09,85.36,83.63,85.36,69091834,77.67940000000002
0.000231508276420836,85.41,86.76,85.33,86.37,79439024,77.73230000000001
0.002655275917801939,86.36,86.63,85.82,86.39,58708986,77.7929
0.0014985590778097458,86.26,86.67,86.01,86.62,49249914,77.86030000000001
0.011170637182263809,86.66,87.12,86.3,86.75,50218945,77.9454
0.018460505705974396,86.75,87.82,86.64,87.73,58052491,78.0377
-0.002692393986986705,87.98,89.41,87.95,89.38,87216605,78.1389
0.01795747493665303,89.43,89.98,89.11,89.14,78921885,78.27380000000001
-0.003759814220944257,89.69,90.98,89.68,90.77,94118633,78.40110000000001
-0.006903462866050602,91.14,92.02,89.84,90.43,141005137,78.52770000000002
0.013943785682916075,90.57,90.69,88.93,89.81,92337903,78.66210000000002
0.011289622231871538,89.78,91.25,89.75,91.08,73231620,78.81680000000001
0.0038927335640138346,91.06,92.56,90.87,92.12,83870521,78.98030000000001
-0.0028193450444589582,92.31,92.77,91.8,92.48,75951141,79.13720000000002
0.015795090715048067,92.84,93.04,92.07,92.22,87620911,79.29360000000001
0.005835543766578219,92.7,93.88,91.75,93.7,75414804,79.43990000000002
-0.0041551246537396185,94.73,95.05,93.57,94.25,62777042,79.58670000000001
-0.017011593888828617,94.13,94.76,93.47,93.86,45681114,79.73720000000002
-0.01106485539000882,94.04,94.12,91.9,92.29,54748791,79.86560000000001
0.009978308026030386,92.2,92.44,90.88,91.28,54525280,79.99970000000002
-0.0013032145960035245,91.51,92.75,91.45,92.2,35561270,80.12600000000002
0.001084834020394972,92.31,92.7,91.8,92.08,29726347,80.26770000000002
-0.0034835619420858633,92.27,92.29,91.35,92.18,33514108,80.3999
-0.01044989550104502,92.29,92.3,91.34,91.86,35527686,80.5854
-0.0008807662666519685,91.85,92.55,90.9,90.91,100898066,80.7783
-0.006092157731501962,91.32,91.62,90.6,90.83,43694391,80.96710000000002
0.0008853474988932968,90.75,91.74,90.19,90.28,39036087,81.1556
0.005940594059406009,90.21,90.7,89.65,90.36,36868541,81.34810000000002
0.011741682974559667,90.37,91.05,89.8,90.9,32629359,81.5411
0.010222748305175968,90.82,92.0,90.77,91.98,64028803,81.73810000000002
0.006308810949529398,92.1,93.72,92.09,92.93,49589028,81.94110000000002
-0.0004278990158321784,93.52,94.07,93.13,93.52,38223477,82.13350000000003
0.005849197064766534,93.86,94.06,93.09,93.48,28465073,82.31810000000003
0.020214650411586932,93.67,94.1,93.2,94.03,22891753,82.51210000000003
-0.006502359727320447,94.14,95.99,94.1,95.97,56467939,82.70000000000003
0.0004193311667890371,96.27,96.8,93.92,95.35,65221678,82.87610000000002
-0.0036826599326598725,95.44,95.95,94.76,95.39,36436440,83.04940000000005
0.0018903591682418884,93.76,95.55,93.52,95.04,39685552,83.22160000000004
0.012752721617418392,95.36,95.89,94.86,95.22,34018228,83.41840000000003
-0.011854804867813783,95.86,96.89,95.65,96.45,42810155,83.61280000000005
-0.005697404515720532,96.8,96.85,95.03,95.32,45696176,83.81020000000004
-0.01815447416478674,96.97,97.1,94.74,94.78,53502415,83.98750000000004
0.014190405591443432,95.03,95.28,92.57,93.09,57298243,84.18600000000004
-0.005216095380029903,93.62,94.74,93.02,94.43,49987593,84.38630000000005
0.008234797297297309,94.99,95.0,93.72,93.94,39079002,84.57970000000005
0.025414137256919427,94.68,94.89,94.12,94.72,55196597,84.79980000000005
-0.0016489745439554424,95.42,97.88,95.17,97.19,92917719,85.01620000000007
0.006552677383024476,97.04,97.32,96.42,97.03,45728843,85.23400000000007
0.013633609371844015,96.85,97.84,96.64,97.67,43469117,85.46370000000007
-0.006505387273836151,97.82,99.24,97.55,99.02,55317689,85.68930000000007
-0.00234335201222608,99.33,99.44,98.25,98.38,43143095,85.91300000000007
-0.02667364016736414,98.44,98.7,97.67,98.15,33010001,86.11050000000006
0.0055133673150941555,97.16,97.45,95.33,95.6,56842647,86.30600000000005
-0.005649126477664944,94.9,96.62,94.81,96.13,48511286,86.49530000000006
-0.0049411269974768595,96.37,96.58,95.17,95.59,39958144,86.68840000000007
-0.0016849199663017144,95.36,95.68,94.36,95.12,55932663,86.88840000000008
-0.0050804403048263095,94.75,95.48,94.71,94.96,38558342,87.08070000000006
0.002744352966012148,94.93,95.95,94.1,94.48,46711179,87.26900000000006
0.013022189811438692,94.26,94.82,93.28,94.74,41865193,87.47000000000007
-0.00020839845785137044,95.27,96.08,94.84,95.99,36584844,87.67440000000006
0.013060468942821844,96.04,96.88,95.61,95.97,33795352,87.88560000000005
0.002666666666666719,96.15,97.24,96.04,97.24,31916439,88.09030000000004
0.004898958971218657,97.33,97.57,96.8,97.5,28115566,88.29150000000003
0.011899959661153616,97.9,98.19,96.86,97.98,48951331,88.51200000000003
0.013627772804138114,98.49,99.37,97.98,99.16,47572413,88.74950000000003
0.0003977329223425678,99.41,100.68,99.32,100.53,69399270,88.98830000000002
9.942334460136326e-05,100.44,101.09,99.95,100.57,52699192,89.22730000000001
0.007303592577970736,100.57,100.94,100.11,100.58,33478198,89.46670000000002
0.002166633838881358,100.29,101.47,100.19,101.32,44183834,89.70700000000002
-0.006442660323124251,101.79,102.17,101.28,101.54,40270173,89.94620000000003
0.012141388426515177,101.42,101.5,100.86,100.89,33151984,90.20780000000002
0.0011735941320293844,101.02,102.57,100.7,102.13,52369011,90.48250000000002
0.0024390243902439024,102.13,102.78,101.56,102.25,68459801,90.75970000000001
0.0077444336882865165,102.86,102.9,102.2,102.5,44595247,91.0351
-0.044067111380634724,103.06,103.74,102.72,103.3,53564262,91.2767
-0.008357113738279588,103.1,103.2,98.58,98.94,125420521,91.5156
0.008588461149843329,98.85,100.09,97.79,98.12,85718221,91.76
-0.006201708011386737,98.8,99.39,98.31,98.97,58457035,92.00370000000001
-0.003775895499540816,99.3,99.31,98.05,98.36,46356742,92.24220000000001
0.029801980198019853,99.08,103.08,96.14,97.99,189846255,92.50230000000002
0.004239376910184431,98.01,101.11,97.76,101.0,100869587,92.75780000000003
0.0022624434389139267,100.41,101.44,99.62,101.43,62399743,93.01480000000004
-0.00029518842861360955,101.21,102.19,101.08,101.66,64096903,93.28150000000004
-0.007634344636129249,102.81,103.05,101.44,101.63,61316516,93.47900000000003
0.007088009450679256,99.8,101.26,98.89,100.86,66908133,93.67770000000004
0.002063071028588348,101.27,101.8,100.59,101.58,60926498,93.84690000000005
-0.008221077654516764,101.93,102.35,101.56,101.79,37299435,94.01030000000003
0.000989511181476435,102.29,102.35,100.88,100.96,70902406,94.17790000000002
0.015393608729540124,101.8,102.14,100.58,101.06,52788426,94.35930000000002
-0.008746928746928753,100.6,102.94,100.54,102.64,63402196,94.53030000000003
-0.03964442627975882,102.16,102.85,101.2,101.75,60171828,94.65050000000002
0.028585607940446605,100.51,100.71,97.72,97.87,100091990,94.80880000000003
-0.006392967735490965,98.53,100.75,98.4,100.75,62370501,94.96370000000003
0.006352357320099262,98.65,100.44,98.63,100.11,49766312,95.13120000000002
-0.01582980439604752,100.81,101.54,100.53,100.75,55264139,95.28650000000003
0.007207207207207195,100.59,100.69,98.7,99.18,51491286,95.43860000000002
-0.0028106805862276765,99.27,100.22,98.04,99.9,47757828,95.58660000000003
0.0,99.44,100.21,99.04,99.62,43469585,95.73440000000004
-0.008810126582278527,99.95,100.65,99.42,99.62,37051182,95.88070000000003
0.02033730158730156,99.43,100.12,98.73,98.75,42094183,96.03510000000001
0.0021777865769154513,98.76,101.11,98.31,100.8,57404674,96.18160000000002
-0.0028789834210264276,101.54,102.38,100.61,101.02,77376525,96.32500000000002
-0.00921751327522294,100.69,102.03,100.3,100.73,66331592,96.4569
-0.010734177215189896,101.33,101.78,99.81,99.81,53583368,96.57690000000001
-0.012405167110928785,100.39,100.52,98.57,98.75,63688562,96.67500000000001
-0.013297319758986091,97.97,99.15,95.18,97.54,100933600,96.74380000000002
0.01443636735947575,95.55,97.72,95.41,96.26,72154523,96.82910000000004
0.020950280673616713,97.5,99.0,96.81,97.67,68179688,96.91900000000004
0.02644676490680193,98.32,99.96,98.22,99.76,77517279,97.03940000000003
0.005049033886785086,103.02,103.02,101.27,102.47,94623904,97.17120000000003
0.017552227415816114,102.84,104.11,102.6,102.99,68263146,97.30870000000003
0.0037065196730659625,104.08,105.05,103.63,104.83,71074674,97.43970000000002
-0.0010465226905146934,105.18,105.49,104.53,105.22,47053916,97.56600000000002
0.01527075135844103,104.85,105.48,104.7,105.11,34187701,97.71120000000002
0.005589714924538928,105.4,106.74,105.35,106.74,48060949,97.84760000000001
-0.0033651149747616323,106.65,107.37,106.36,107.34,52687879,97.97490000000002
0.009444444444444408,106.96,107.35,105.9,106.98,40654793,98.11630000000001
0.012797074954296212,108.01,108.04,107.21,108.0,44639285,98.28739999999999
-0.007366482504604157,108.22,110.3,108.01,109.4,52282550,98.4606
0.0023883887562006715,109.36,109.49,107.72,108.6,41574365,98.62719999999999
-0.0014719411223550745,109.1,109.3,108.12,108.86,37435905,98.7934
0.0028437758003853064,108.6,108.79,107.8,108.7,34968457,98.96170000000001
-0.0016539557107415862,108.75,109.32,108.55,109.01,33691535,99.1314
0.007930720145852365,109.02,109.33,108.67,108.83,27195547,99.3193
0.013932584269662896,108.7,109.75,108.4,109.7,27442252,99.5235
0.013915972345328783,109.38,111.43,109.37,111.25,46942431,99.74889999999999
0.011911017691364632,111.8,113.45,111.6,112.82,59522855,99.9871
-0.0016668128783227647,113.15,114.19,113.05,114.18,44063595,100.21799999999999
0.012817181952022205,114.27,117.28,113.3,113.99,46746712,100.45289999999999
-0.006976541379611033,113.94,115.69,113.89,115.47,44223978,100.67029999999998
0.014100249333677246,115.44,115.74,113.8,114.67,41869160,100.89819999999997
0.0013737443118399296,114.91,116.86,114.85,116.31,43395537,101.12809999999998
0.01812510537851969,117.51,117.57,116.03,116.47,57179298,101.37399999999998
-0.008673469387755189,116.85,118.77,116.62,118.62,47450824,101.59029999999998
0.01176470588235299,119.07,119.75,117.45,117.6,68840440,101.82679999999999
-0.0005885815185402604,117.94,119.1,117.83,119.0,40831886,102.06219999999999
-0.03354479881811084,119.27,119.4,118.05,118.93,24814402,102.26249999999999
-0.003838436709412874,118.81,119.25,111.27,115.07,83814037,102.45659999999998
0.011213663417579671,113.5,115.75,112.75,114.63,59348940,102.65139999999998
-0.003809853666984258,115.75,116.35,115.11,115.93,43063440,102.85309999999998
-0.0042608695652173465,115.77,117.2,115.29,115.49,42155776,103.05529999999997
-0.02313167259786472,115.99,116.08,114.64,115.0,38318895,103.24839999999996
0.015071854188573422,114.1,114.65,111.62,112.4,57664850,103.44529999999997
-0.0193836534167039,110.19,114.3,109.35,114.12,60208036,103.62539999999997
-0.002956459415875276,114.41,114.85,111.54,111.95,44565318,103.79439999999998
-0.017224095507153928,112.26,113.8,111.34,111.62,41471578,103.91979999999998
-0.013953058584365229,110.46,111.87,109.58,109.73,56028138,104.03169999999996
-0.013865467491099907,110.7,111.6,106.35,108.22,67218082,104.12239999999996
0.02440361941321636,106.37,110.16,106.26,106.74,60790733,104.22629999999995
0.028761651131824315,107.12,109.84,106.82,109.41,53411773,104.36899999999996
-0.007783145464304925,111.87,112.65,110.66,112.65,59006218,104.50529999999998
0.010270940322294994,112.26,113.24,111.66,111.78,88429770,104.67869999999998
-0.003554291807357308,112.16,113.49,111.97,112.94,45167549,104.84279999999998
-0.00473172038210875,113.23,113.33,112.46,112.54,26028419,105.00699999999999
0.017369944731993946,112.58,112.71,112.01,112.01,14479611,105.19569999999997
-0.0007023088403125125,112.1,114.52,112.01,113.99,33720951,105.38519999999998
-0.012353359402772846,113.79,114.77,113.7,113.91,27598920,105.56559999999999
-0.019387570211994932,113.64,113.92,112.11,112.52,29881477,105.722
-0.009603951339979851,112.82,113.13,110.21,110.38,41403351,105.85539999999999
-0.02898823529411763,111.39,111.44,107.35,109.33,53204626,105.95819999999999
9.410878976101181e-05,108.29,108.65,105.41,106.25,64285491,106.0484
0.013828306264501112,106.54,107.43,104.63,106.26,65797116,106.15090000000001
0.03700062561444276,107.2,108.2,106.7,107.75,40105934,106.29
0.0010713329167039063,109.23,112.15,108.7,111.89,59364547,106.41850000000001
-0.02526315789473689,112.67,113.25,110.21,112.01,53699527,106.50569999999999
0.008800580656868073,112.6,112.63,108.8,109.25,49650790,106.6022
-0.0038251366120218735,111.43,112.8,108.91,110.22,67091928,106.69439999999999
-0.027897397491106573,109.04,110.49,108.5,109.8,48956588,106.74939999999998
-0.007830927445985455,110.0,110.06,106.66,106.82,60013996,106.79389999999998
0.025110375275938228,107.03,107.58,105.2,105.99,78513345,106.87219999999998
0.007576449109995421,107.84,108.97,106.5,108.72,49899907,106.94639999999998
0.02535587188612107,108.95,111.06,108.27,109.55,48575897,107.04789999999997
0.005133651973800658,110.26,112.47,109.72,112.4,53796409,107.15269999999997
0.0010610079575595964,112.3,113.75,111.53,112.98,46464828,107.25069999999998
-0.03628367234744359,113.74,114.36,112.8,113.1,55614979,107.35269999999997
0.05350793513138498,112.42,112.48,109.03,109.14,95568749,107.52459999999995
0.030193439865433165,117.62,118.12,115.31,115.31,146477063,107.72389999999996
-0.014851485148514929,116.32,119.19,115.56,118.9,84436432,107.91189999999995
0.012391469274213933,118.4,120.0,116.85,117.16,83745461,108.11829999999995
0.00016856300042149372,118.05,119.17,116.08,118.63,62739100,108.29479999999994
0.007611241217798566,118.5,119.09,117.61,118.65,51915749,108.47609999999993
0.0031682507920626603,118.5,120.51,118.31,119.56,70149743,108.65889999999995
-0.008492390481795937,120.02,120.23,119.25,119.94,42246245,108.83189999999995
0.006598730370865286,120.02,120.25,118.45,118.93,43706567,109.02049999999994
0.018849368955908843,118.55,119.84,118.43,119.72,38889797,109.22489999999995
0.022901985906470208,120.17,122.15,120.16,122.02,62008506,109.45579999999993
0.012494069270915691,122.77,124.92,122.5,124.88,73561797,109.71079999999992
0.004878816493547407,126.06,127.48,125.57,126.46,74474466,109.97099999999993
0.005867167331612298,127.28,127.28,125.65,127.08,54272219,110.22289999999994
0.0069142324425108806,127.49,128.88,126.92,127.83,63152405,110.49259999999992
-0.002101985208252318,127.62,128.78,127.45,128.72,44891737,110.79839999999993
0.008108108108108195,128.48,129.03,128.33,128.45,37362381,111.08589999999992
0.02631578947368421,128.62,129.5,128.05,129.5,48948419,111.41479999999993
-0.006279791178028392,130.02,133.0,129.66,133.0,70974110,111.72899999999993
-0.026244273623728515,132.94,133.6,131.17,132.17,69228130,112.02509999999992
0.012498083116086457,131.56,131.6,128.15,128.79,74711746,112.33029999999994
-0.015257667756499917,128.78,130.87,126.61,130.42,91287529,112.61869999999992
0.004880316058563757,130.0,130.57,128.24,128.46,62014847,112.91339999999991
0.0020871985157700232,129.25,130.28,128.3,129.09,48096663,113.21949999999991
-0.006379337171308711,128.96,129.52,128.09,129.36,37816283,113.49689999999993
-0.016849932758484263,129.1,129.56,128.32,128.54,31666340,113.75079999999993
0.001500789889415464,128.58,128.75,125.76,126.41,56517146,114.00949999999993
0.004247286455875462,128.4,129.37,126.26,126.6,72842060,114.28279999999994
-0.02112280138141511,127.96,129.57,125.06,127.14,88528487,114.54039999999993
-0.018570026178010554,126.41,127.22,123.8,124.51,68856582,114.78739999999992
0.0177581357975091,124.75,124.77,122.11,122.24,68938974,115.06929999999993
-0.006958491787361432,122.31,124.9,121.63,124.45,48362719,115.32849999999993
0.010884353741496594,124.4,125.4,122.58,123.59,51827283,115.58039999999994
0.01645151133501262,123.88,124.95,122.87,124.95,35874300,115.82609999999995
0.011131003347084865,125.9,127.32,125.65,127.04,51023104,116.08089999999994
-0.007607843137254893,127.0,129.16,126.37,128.47,65270945,116.30759999999995
-0.012708498808578191,128.75,129.25,127.4,127.5,45809490,116.51439999999995
0.010297932552472197,128.25,128.4,125.16,125.9,68695136,116.73539999999994
-0.00410450706448809,127.12,127.85,126.52,127.21,37709674,116.93489999999994
-0.026827686821202807,127.23,128.04,126.56,126.69,32842304,117.09529999999994
0.006922086284610427,126.54,126.82,123.38,123.38,51655177,117.26789999999994
-0.008032454361054726,122.76,124.88,122.6,124.24,47572869,117.42039999999993
0.024689404130727264,124.57,124.7,122.91,123.25,39546151,117.59009999999995
-0.015591095395001186,124.05,126.4,124.0,126.37,47099670,117.74839999999995
-0.00144869215291756,126.09,126.49,124.36,124.43,42090553,117.90229999999994
0.008538142355569687,124.82,125.12,123.1,124.25,40621437,118.06849999999993
0.015940321947389095,125.03,125.56,124.19,125.32,32220131,118.25189999999994
-0.010634076660582407,124.47,127.51,124.33,127.35,37193975,118.42369999999994
-0.003264331210191169,127.64,128.12,125.98,126.01,35012268,118.58269999999993
0.007585335018963401,125.85,126.4,124.97,125.6,37329243,118.73579999999993
0.004248623131392542,125.85,126.58,124.66,126.56,32483974,118.87859999999993
-0.001970831690973591,125.95,127.21,125.26,127.1,40187953,119.00529999999993
-0.004354711005542337,128.37,128.57,126.61,126.85,36365123,119.12839999999993
0.0037860861334595678,127.0,127.29,125.91,126.3,25524593,119.24149999999995
-0.004834746770230636,126.41,127.13,126.01,126.78,28970419,119.35649999999994
-0.011382765531062138,126.28,127.1,126.11,126.17,28368987,119.44089999999994
0.02233542319749212,125.55,126.14,124.46,124.75,51957046,119.55219999999996
-0.005436923804270725,125.57,128.12,125.17,127.6,47054310,119.63509999999995
0.013294977452962275,128.1,128.2,126.67,126.91,32435057,119.74529999999996
0.008097478213927532,126.99,128.87,126.32,128.62,37654505,119.85199999999995
0.00468222290451346,128.3,130.42,128.14,129.67,45770902,119.96549999999996
0.017866566151526608,130.49,130.63,129.23,130.28,44525905,120.14129999999996
-0.016007965686274536,132.31,133.13,131.15,132.65,96954207,120.30059999999996
-0.014925373134328483,134.46,134.54,129.57,130.56,118923970,120.42769999999994
-0.02788653615661191,130.16,131.59,128.3,128.64,63386083,120.52429999999995
0.029468786351298824,128.64,127.88,124.58,125.15,83195423,120.66379999999995
-0.0019425019425019427,126.1,130.13,125.3,128.95,58512638,120.82679999999996
-0.02305246422893475,129.5,130.57,128.26,128.7,50988278,120.94359999999995
-0.006319494440444701,128.15,128.45,125.78,125.8,49271416,121.07419999999995
0.0019958486348395335,126.56,126.75,123.36,125.01,72141010,121.21059999999994
0.018492399310452903,124.77,126.08,124.02,125.26,43940895,121.38949999999996
-0.010291323622546006,126.68,127.62,126.11,127.62,55550382,121.57049999999995
-0.003654854600349545,127.39,127.56,125.62,126.32,42035757,121.76169999999996
0.0011903817157368913,125.6,126.88,124.82,125.86,48160032,121.92769999999997
0.022799534703373276,126.15,127.19,125.87,126.01,34694235,122.09069999999998
-0.0013978411120600946,127.41,128.95,127.16,128.95,45203456,122.26059999999998
0.010907135724709943,129.07,129.49,128.21,128.77,38208034,122.43309999999998
-0.0009225801491504924,128.38,130.72,128.36,130.19,50882918,122.60839999999996
-7.688759034284873e-05,130.69,130.88,129.64,130.07,44633240,122.78889999999996
0.010122535961640797,130.0,130.98,129.34,130.06,36454932,122.96289999999995
0.008676625924249327,130.07,131.63,129.83,131.39,39730364,123.14919999999996
-0.022527387748804098,131.6,132.97,131.4,132.54,45595972,123.32019999999997
0.01832777946076937,132.6,132.91,129.12,129.62,70697560,123.53679999999999
-0.0019729852784943916,130.34,132.26,130.05,132.04,45833246,123.76129999999999
-0.011513662879950875,131.86,131.95,131.1,131.78,30733309,124.0016
0.001991726673816385,131.23,131.45,129.9,130.28,50884452,124.2444
-0.004462911665127609,130.28,131.39,130.05,130.54,32112797,124.4665
0.0012296341838302842,129.86,130.66,129.32,129.96,33667627,124.64880000000001
-0.005875077303648661,130.66,130.94,129.9,130.12,30983542,124.82230000000001
-0.005518849591916113,129.58,130.58,128.91,129.36,38450118,125.01630000000002
-0.006651017214397563,129.5,129.69,128.36,128.65,35626800,125.19210000000001
-0.002982263380944871,128.9,129.21,126.83,127.8,52674786,125.36830000000002
0.011328367473618822,126.7,128.08,125.62,127.42,56075420,125.58890000000001
-0.002255229800139918,127.92,129.34,127.85,128.88,39087250,125.81490000000002
-0.011166155539828589,129.18,130.18,128.48,128.59,35390887,125.99940000000002
-0.0019697447210841475,128.18,128.33,127.11,127.17,36886246,126.17310000000003
0.005329153605015616,126.1,127.24,125.71,126.92,43988946,126.32510000000003
-0.0023566378633149815,127.03,127.85,126.37,127.6,31494131,126.46830000000004
0.004535502033156071,127.72,127.88,126.74,127.3,32918071,126.61610000000002
-0.010110584518167466,127.23,128.31,127.22,127.88,35407220,126.79070000000003
0.007914740224120406,127.71,127.82,126.4,126.6,54716887,126.91370000000005
-0.004565850586475622,127.49,128.06,127.08,127.61,34039345,126.99500000000006
0.008430255249395148,127.48,127.61,126.88,127.03,30268863,127.10450000000006
-0.004784313725490303,127.21,129.8,127.12,128.11,55280855,127.19320000000008
-0.005917159763313609,128.86,129.2,127.5,127.5,31938100,127.27420000000008
-0.017827029631414106,127.67,127.99,126.51,126.75,44066841,127.32390000000008
0.0070961569127730864,125.46,126.47,124.48,124.53,49161427,127.37870000000008
0.009320695102685565,125.57,126.12,124.86,125.42,44370682,127.45540000000008
-0.0012654223347041806,126.9,126.94,125.99,126.6,30238811,127.5226000000001
-0.003492063492063474,126.43,126.69,125.77,126.44,27210952,127.56240000000008
-0.0024663855517543343,124.94,126.23,124.85,126.0,28060431,127.5705000000001
-0.02545484213102721,125.89,126.15,123.77,125.69,46946811,127.53160000000011
-0.02082118764054302,124.48,124.64,122.54,122.57,60761614,127.4615000000001
0.02603828682673595,123.85,124.06,119.22,120.07,78595038,127.41600000000011
0.018939996816807223,121.94,123.85,121.21,123.28,61354474,127.38540000000012
-0.00039805747950001717,125.03,125.76,124.32,125.66,41440538,127.35700000000011
0.009541081848288864,126.04,126.37,125.04,125.61,31768139,127.33020000000012
0.013150727569838906,125.72,127.15,125.58,126.82,33649200,127.28530000000012
0.008563493288072934,127.74,128.57,127.35,128.51,36222447,127.25980000000013
0.018550768531839092,129.08,129.62,128.31,129.62,46164710,127.2926000000001
-0.010095602294455015,130.97,132.97,130.7,132.07,58900203,127.29590000000012
-0.044162274397061184,132.85,132.92,130.32,130.75,76756427,127.2635000000001
-0.00047938638542667207,121.99,125.5,121.99,125.22,115450607,127.22420000000011
-0.005301204819277081,126.2,127.09,125.06,125.16,50999452,127.1756000000001
-0.014091390404822058,125.32,125.74,123.9,124.5,42162332,127.1179000000001
0.004944075214783591,123.09,123.61,122.12,122.77,44455540,127.0876000000001
-0.0031709895113423902,123.38,123.91,122.55,123.38,33618097,127.05150000000009
-0.005066601291166056,123.15,123.5,122.27,122.99,37011653,127.0038000000001
-0.008821104699093219,122.32,122.57,121.71,122.37,33628268,126.9717000000001
-0.024147247551502868,122.6,122.64,120.91,121.3,42884953,126.9337000000001
-0.03314724354501044,121.5,122.57,117.52,118.44,69975968,126.83560000000008
0.006585788561525174,117.42,117.7,113.25,114.64,124138623,126.75370000000008
-0.002345175019543214,112.95,117.44,112.1,115.4,99312613,126.65550000000006
0.00337603878116344,115.97,116.5,114.12,115.13,52903040,126.54030000000006
0.03508185766789177,114.58,116.25,114.5,115.52,38670405,126.45280000000007
-0.0548947043792405,116.53,119.99,116.53,119.72,54951597,126.31270000000006
0.01518569940992711,117.81,118.18,113.33,113.49,97082814,126.20610000000006
-0.0007815892314371619,112.53,115.42,109.63,115.24,101685610,126.08550000000007
0.006985167299068542,116.04,116.4,114.54,115.15,48535789,125.97820000000006
0.010242403550699922,114.32,116.31,114.01,115.96,42929516,125.91600000000005
-0.0056652360515021165,116.04,117.65,115.5,117.16,40884745,125.83860000000006
-0.012955395183027518,116.43,117.44,116.01,116.5,34560708,125.75620000000006
-0.02094984465157567,116.1,116.52,114.68,115.01,48286510,125.61900000000006
-0.06514750378214826,114.08,114.35,111.63,112.65,67765523,125.43230000000005
-0.025601241272304117,110.43,111.9,105.64,105.76,126289223,125.22100000000006
0.0059764796606900945,94.87,108.8,92.0,103.12,161454199,125.00520000000006
0.054243777919591604,111.11,111.11,103.5,103.74,102240208,124.82860000000007
0.028604321643641552,107.08,109.89,105.05,109.69,96226269,124.69770000000005
0.0032659546297114004,112.23,113.24,110.02,112.92,83265146,124.57460000000006
-0.004700248315005331,112.17,113.31,111.54,113.29,52896384,124.43660000000007
-0.04678796880802085,112.03,114.53,112.0,112.76,55962842,124.24280000000006
0.04112515577710526,110.15,111.88,107.36,107.72,75988194,124.09770000000006
-0.017849053184742218,110.23,112.34,109.13,112.34,61520170,123.93840000000007
-0.010066806991855116,112.49,112.78,110.04,110.37,52906410,123.76330000000007
0.027067936960199504,108.97,110.45,108.51,109.27,49628615,123.62470000000006
-0.01960962324103492,111.75,112.56,110.32,112.31,54114204,123.47870000000006
0.021497734742826576,113.76,114.02,109.77,110.15,84344438,123.32840000000006
0.014359513177480087,110.27,113.28,109.9,112.57,62675234,123.20140000000005
0.009539502211430132,111.79,114.21,111.76,114.21,49441846,123.06830000000004
0.008341933264533873,116.58,116.89,114.86,115.31,58201862,122.93440000000004
0.0011167425478910357,115.93,116.53,114.42,116.28,43004052,122.79570000000004
-0.021857443820224674,116.25,116.54,115.44,116.41,36909956,122.60840000000003
-0.004142794182459223,115.66,116.49,113.72,113.92,63462713,122.43730000000005
0.015276451696901233,112.21,114.3,111.87,113.45,73418992,122.30300000000005
-0.015961199294532522,113.67,115.37,113.66,115.21,46554289,122.18550000000005
0.008047585724282606,113.38,114.18,112.52,113.4,49809010,122.03920000000004
0.005913043478260929,113.63,114.72,113.3,114.32,35645658,121.90220000000004
-0.0025281143753814513,113.25,115.5,112.37,115.0,49810647,121.79130000000004
-0.02018854500177869,116.44,116.69,114.02,114.71,55842210,121.66560000000003
-0.030992114432422477,113.85,114.57,112.44,112.44,51723929,121.50360000000002
0.011242067089755167,112.83,113.51,107.86,109.06,73135853,121.33040000000001
-0.006570542069720742,110.17,111.54,108.73,110.3,66105030,121.16300000000001
0.007247689798876583,109.07,109.62,107.31,109.58,63747954,121.0082
0.0036107600649937324,108.01,111.01,107.55,110.38,57560431,120.8559
0.004761476956248326,110.08,111.37,109.07,110.78,51723110,120.67949999999999
-0.004784257086116637,110.63,111.74,109.76,111.31,48196751,120.49959999999999
-0.011689497716894988,110.47,111.77,109.41,110.78,46602587,120.29269999999998
0.02336782019265077,110.06,110.19,108.21,109.5,61698450,120.11319999999999
-0.004659498207885396,111.64,112.28,109.49,112.12,52533783,119.9286
0.0016996153502103224,112.73,112.75,111.44,111.6,30114425,119.73260000000002
-0.014336267126395179,110.82,112.45,110.68,111.79,32424018,119.5093
0.014750581083497279,111.29,111.52,109.56,110.21,44325611,119.3317
-0.0073847262247837995,110.93,112.1,110.49,111.86,37340996,119.1217
0.0061756018974312875,111.78,112.0,110.53,111.04,38236278,118.92119999999998
0.017930913246022608,110.8,111.75,110.11,111.73,29606075,118.75609999999999
-8.790436005617883e-05,111.34,114.17,110.82,113.77,48778770,118.58829999999998
0.01506493506493502,114.0,115.58,113.7,113.76,41795238,118.44369999999999
0.03006382264024184,114.33,115.5,114.1,115.5,41272693,118.33329999999998
-0.03296321998612072,118.77,119.23,116.33,119.08,59139552,118.19249999999998
-0.006372762985595844,118.08,118.13,114.92,115.28,66019504,118.05149999999998
0.03957407562672926,115.4,116.54,113.99,114.55,57953589,117.96619999999999
0.01045382892226006,117.58,119.3,116.06,119.27,85023324,117.8973
-0.008619246861924695,118.7,120.69,118.27,120.53,50240803,117.8035
0.013863673873576553,120.99,121.22,119.45,119.5,48811991,117.7294
0.011340458513502377,120.8,121.36,119.61,121.18,31761309,117.6834
-0.004672131147540928,120.79,123.49,120.7,122.57,45331025,117.6342
-0.008931524975190194,122.56,123.82,121.62,122.0,44343498,117.56739999999999
0.0011564513464397865,121.85,122.69,120.18,120.92,39258480,117.505
-0.00406402919465878,121.08,121.81,120.62,121.06,32931447,117.4319
-0.03254260512117836,120.96,121.81,120.05,120.57,33657546,117.3336
-0.005684264921195389,116.9,118.07,116.06,116.77,58635125,117.21860000000001
-0.003370203940546151,116.37,117.42,115.21,116.11,45104903,117.10549999999999
-0.03008723517892109,116.26,116.82,115.65,115.72,32262598,116.94779999999999
0.016114906288316723,115.2,115.57,112.27,112.34,45164053,116.81459999999998
-0.0043099656961914775,111.38,114.24,111.0,114.18,37651022,116.684
0.03069315372154496,114.92,115.05,113.32,113.69,27253964,116.6116
0.0125441993601616,115.76,117.49,115.5,117.29,46163404,116.54520000000001
0.004358759430008349,117.64,119.75,116.76,118.78,42908179,116.47219999999999
-0.013163481953290847,119.2,119.92,118.85,119.3,34103529,116.38529999999999
0.009505383580080715,119.27,119.73,117.34,117.75,32266736,116.31409999999998
-0.0072015589256968085,117.33,119.35,117.12,118.88,42426855,116.23749999999998
-0.0018674136321195048,119.21,119.23,117.92,118.03,21388308,116.18989999999998
0.004142011834319483,118.29,118.41,117.6,117.81,13043720,116.17219999999998
-0.00818135333219698,117.99,119.41,117.75,118.3,37658671,116.11279999999996
-0.009115927072583439,118.75,118.81,116.86,117.34,34700991,116.01899999999998
-0.009374999999999986,117.34,118.11,116.08,116.28,33198964,115.91489999999997
0.03217676216079978,115.24,116.79,114.22,115.2,41569509,115.83699999999999
-0.006340886033141697,115.29,119.25,115.11,119.03,57776977,115.73469999999999
-0.00042290450816203295,118.32,119.86,117.81,118.28,32084249,115.62079999999997
-0.02257394914374675,117.52,118.6,116.86,118.23,34309450,115.4563
0.004734440905569399,115.3,117.69,115.08,115.62,46361357,115.31049999999999
-0.026418095069800272,116.04,116.94,115.51,116.17,29212727,115.1901
-0.006223328591749669,115.19,115.39,112.85,113.18,46886161,115.0633
-0.0180106796995204,112.18,112.68,109.79,112.48,64318732,114.9232
0.007634273396802663,111.94,112.8,110.35,110.49,53323105,114.8089
-0.021655349605432184,111.07,111.99,108.8,111.34,56238467,114.6649
-0.027822314439309655,112.02,112.25,108.98,108.98,44772827,114.4953
0.012112177396813539,108.91,109.52,105.81,106.03,96453327,114.3449
-0.0009325748391307872,107.28,107.37,105.57,107.33,47590610,114.2042
0.012706012337722084,107.4,107.72,106.45,107.23,32789367,114.1059
-0.005368879015088385,107.27,108.85,107.2,108.61,32657354,114.03980000000001
-0.011327466766523199,109.0,109.0,107.95,108.03,13596680,113.95400000000001
0.017656796027220912,107.59,107.69,106.18,106.82,26704210,113.89010000000002
-0.013231457323891183,106.96,109.43,106.86,108.74,30931243,113.80810000000001
-0.019570587117613412,108.58,108.7,107.18,107.32,25213777,113.66350000000003
0.0008542952064545724,107.01,107.03,104.82,105.26,40912316,113.58210000000003
-0.025703436861065142,102.61,105.37,102.0,105.35,67281190,113.45680000000002
-0.019960278053624537,105.75,105.85,102.41,102.71,55790992,113.31230000000004
-0.04406428201140487,100.56,102.37,99.87,100.7,68457388,113.11720000000005
0.0052599009900989166,98.68,100.13,96.43,96.45,81094428,112.91520000000004
0.01593423322845841,98.55,99.11,96.76,96.96,70798016,112.73550000000004
0.014305722288915494,98.97,99.06,97.34,98.53,49739377,112.58500000000004
-0.026388746277851864,100.55,100.69,98.84,99.96,49154227,112.43240000000003
0.021402733118971017,100.32,101.19,97.3,97.39,61745031,112.37000000000003
-0.02460619787913107,97.96,100.48,95.74,99.52,62424154,112.31010000000002
-0.004862404303745074,96.2,97.71,95.36,97.13,79010008,112.23930000000001
0.0013431139580536177,98.41,98.65,95.5,96.66,52841349,112.11030000000002
-0.005088265835929482,95.1,98.19,93.42,96.79,72008265,111.94410000000002
0.05048313942023274,97.06,97.88,94.94,96.3,52054521,111.8254
-0.019911504424778802,98.63,101.46,98.37,101.42,65562769,111.69220000000001
0.005500550055005472,101.52,101.53,99.21,99.44,51196375,111.61490000000002
-0.07032755298651246,99.93,100.88,98.07,99.99,63538305,111.42570000000002
0.007120841747263277,96.04,96.63,93.34,93.42,132224500,111.2629
0.03338812410108897,93.79,94.52,92.39,94.09,55557109,111.1436
-0.009436897231152095,94.79,97.34,94.35,97.34,64010141,110.9848
-0.020639288738357353,96.47,96.71,95.4,96.43,40571593,110.8281
0.019408406850025848,95.42,96.04,94.28,94.48,37081206,110.66590000000002
0.002587991718426501,95.0,96.84,94.08,96.35,45366710,110.48980000000003
-0.027440970006381606,95.86,97.33,95.19,96.6,46263907,110.27690000000004
0.01041995579412703,96.52,96.92,93.69,94.02,45853883,110.06420000000004
-0.0002105484787873485,93.13,95.7,93.04,95.01,53852284,109.85000000000004
-0.0076376365757929235,94.29,95.94,93.93,94.99,44262912,109.65350000000004
-0.006083244397011666,95.92,96.35,94.1,94.27,42244975,109.45600000000005
0.0030854346207042456,93.79,94.72,92.59,93.7,49686210,109.24380000000005
0.0274213576158941,94.19,94.5,93.01,93.99,40121670,109.07620000000004
0.015083571137382836,95.02,96.85,94.61,96.64,47490678,108.91420000000005
-0.01932266777477664,96.67,98.21,96.15,98.12,44390173,108.72680000000005
-0.0022907122032486344,98.84,98.89,96.09,96.26,38494442,108.54010000000008
0.008670520231213761,96.0,96.76,95.8,96.04,34485576,108.38450000000006
-0.023128102228323982,96.31,96.9,95.92,96.88,34048195,108.24080000000008
0.014672216441207041,96.4,96.5,94.55,94.69,31686699,108.09880000000008
0.006821000413394076,93.98,96.38,93.32,96.1,36155642,107.97060000000009
0.001547827881539485,96.05,96.76,95.25,96.76,27393905,107.8359000000001
-0.002275312855517622,97.2,98.02,96.58,96.91,28913208,107.69500000000009
0.03819755296926294,96.86,98.23,96.65,96.69,34876558,107.58720000000011
0.002183622828784108,97.65,100.77,97.42,100.53,50153943,107.48690000000009
0.007389162561576354,100.51,100.89,99.64,100.75,33084941,107.40690000000009
0.014658770993107514,100.58,101.71,100.45,101.5,36792245,107.3158000000001
-0.011190733287523319,102.37,103.75,101.37,103.01,45936485,107.21850000000009
-0.008314362070672111,102.39,102.83,100.96,101.87,35828909,107.11090000000009
0.0008900316455696539,100.78,101.76,100.4,101.03,31274161,107.02000000000011
0.0004942176534545533,101.31,101.58,100.27,101.12,27130729,106.9131000000001
0.01065910424408374,101.41,102.24,100.15,101.17,33513577,106.8253000000001
0.002536090518923048,102.24,102.28,101.5,102.26,27200833,106.73320000000011
0.01969783897494743,101.91,102.91,101.78,102.52,25027426,106.6413000000001
0.013116919882985757,103.96,105.18,103.85,104.58,40067734,106.56340000000009
-0.0016068052930056872,104.61,106.31,104.59,105.97,37893758,106.46640000000008
0.001132930513595209,105.52,106.47,104.96,105.8,34244593,106.33480000000009
-9.441979038811365e-05,106.34,106.5,105.19,105.92,43402289,106.24110000000007
0.007589955022488777,105.93,107.65,105.14,105.91,35180796,106.16280000000008
-0.005559219824743272,105.25,107.29,105.21,106.72,32232567,106.03140000000006
-0.004353174978707237,106.48,107.07,105.9,106.13,25452612,105.88280000000006
-0.004563171404125905,105.47,106.25,104.89,105.67,25480914,105.73970000000007
0.023124071322436934,106.0,106.19,105.06,105.19,19303557,105.60470000000007
0.017159547280029167,104.89,107.79,104.88,107.68,30774115,105.47460000000007
-0.005229837599779864,108.65,110.42,108.6,109.56,45159861,105.34450000000007
0.009091735612328395,109.72,109.9,108.88,108.99,25685672,105.23520000000006
0.01016918646508288,108.78,110.0,108.2,109.99,25626163,105.13580000000007
-0.011929696748929991,110.42,112.19,110.27,111.12,37243224,105.02820000000007
0.010364095169430348,109.51,110.73,109.42,109.81,26495312,104.97010000000006
-0.02229592776856447,110.23,110.98,109.2,110.96,26047772,104.89440000000006
0.0011043622308116174,109.95,110.42,108.12,108.54,30881022,104.82380000000006
0.003302146395156847,108.91,109.77,108.17,108.66,23514462,104.79060000000007
0.01285766026801885,108.97,110.61,108.83,109.02,28313525,104.75320000000006
0.01428061406640493,109.34,110.5,108.66,110.44,26812000,104.73670000000007
0.0005352363960748266,110.8,112.34,110.8,112.04,32691799,104.68480000000007
-0.02048247610377788,111.62,112.39,111.33,112.1,25337435,104.59550000000007
-0.02205061406773344,112.11,112.3,109.73,109.85,46418482,104.47730000000007
-0.005331587316434454,108.89,108.95,106.94,107.48,60834027,104.36890000000007
0.0020535797629048715,107.88,108.0,106.23,106.91,32292344,104.25140000000006
-0.010946494290836998,106.64,108.09,106.06,107.13,28666865,104.13080000000005
-0.002744133232399622,106.93,106.93,105.52,105.97,31356434,104.00950000000006
-0.005709935287400158,105.01,106.48,104.62,105.68,33477142,103.87730000000006
-0.006995687589841917,105.0,105.65,104.51,105.08,27950966,103.74740000000007
-0.06675526477203028,103.91,105.3,103.91,104.35,40338403,103.56280000000007
-0.03153010650637979,96.0,98.71,95.68,97.82,113538389,103.35910000000005
-0.011627906976744222,97.61,97.88,94.25,94.83,81990674,103.10620000000004
-0.001067919692439068,93.99,94.72,92.51,93.74,68334434,102.85980000000004
0.016179869720529587,93.96,94.08,92.4,93.64,47736879,102.62930000000004
-0.010510669922497178,94.2,95.74,93.68,95.18,56533960,102.41500000000003
-0.010188760188760219,95.2,95.9,93.82,94.19,40824776,102.18570000000004
-0.005608283002588395,94.0,94.07,92.68,93.24,35763138,101.98110000000003
0.0007543916370299319,93.37,93.45,91.85,92.72,43458189,101.78420000000004
0.006743737957610741,93.0,93.77,92.59,92.79,32855251,101.61350000000004
-0.00983677440276723,93.33,93.57,92.11,93.42,33592465,101.42520000000005
-0.02402036750055348,93.48,93.57,92.46,92.51,28539912,101.23880000000004
0.0019885108263366395,92.72,92.78,89.47,90.34,76109795,101.08370000000005
0.0357903706859821,90.0,91.67,90.0,90.52,44188153,100.94920000000003
-0.004171569151780945,92.39,94.39,91.65,93.88,61140610,100.81180000000003
0.011315566835871482,94.55,94.7,93.01,93.49,46507449,100.67130000000003
-0.003821656050955408,94.16,95.21,93.89,94.56,41923114,100.53300000000003
0.010712035286704433,94.64,94.64,93.57,94.2,29693945,100.41700000000003
0.012547962252411157,94.64,95.43,94.52,95.22,31804564,100.29390000000004
0.015015321756894778,95.87,97.19,95.67,96.43,37860535,100.19970000000004
0.017265609315398504,97.22,98.09,96.84,97.9,35036561,100.14330000000004
0.007867742256747258,98.67,99.74,98.11,99.62,38168760,100.09390000000003
-0.0005979073243647462,99.68,100.73,98.64,100.41,56093437,100.07030000000005
-0.004906869617464399,99.44,100.47,99.24,100.35,36229530,100.06190000000004
-0.014218972171440237,99.6,100.4,98.82,99.86,42307212,100.08200000000002
-0.007572656569791188,99.02,99.54,98.33,98.46,29173285,100.08960000000003
0.002042483660130748,97.6,97.84,96.63,97.72,40191600,100.08350000000002
0.007198621109195922,97.79,98.27,97.45,97.92,28504888,100.07020000000003
0.004039180046450628,97.99,101.89,97.55,98.63,23292504,100.08660000000003
-0.0009096422073984578,99.25,99.87,98.96,99.03,22409450,100.08080000000004
0.007124937280481765,99.02,99.56,98.68,98.94,20848131,100.10600000000004
-0.008297075786704517,98.5,99.99,98.46,99.65,26601354,100.12770000000005
-0.015307170741729966,98.53,99.35,98.48,98.83,31712936,100.13320000000003
0.0012312743689717868,98.69,99.12,97.1,97.34,38020494,100.14480000000003
-0.003294214535721569,97.32,98.48,96.75,97.46,31931944,100.10200000000003
0.00420297283444384,97.82,98.41,97.03,97.14,29445227,100.08310000000002
-0.02328752753592782,96.45,97.75,96.07,97.55,31326815,100.03650000000002
-0.0024185068349106623,96.62,96.65,95.3,95.33,61008219,100.05330000000002
0.008445417578980319,96.0,96.57,95.03,95.1,34411901,100.07150000000001
-0.0037676609105180476,94.94,96.35,94.68,95.91,35546358,100.0536
0.005723204994797057,96.25,96.89,95.35,95.55,29219122,100.05030000000001
-0.028907922912205446,95.94,96.29,95.25,96.1,32240187,100.0395
-0.014776184267709684,92.91,94.66,92.65,93.4,75311356,99.99640000000001
0.016561598461374047,93.0,93.05,91.5,92.04,46622188,99.9663
0.008580508474576296,92.9,93.66,92.14,93.59,40444914,99.9701
0.012552301255230007,93.97,94.55,93.63,94.4,36531006,99.976
0.0030242986755658176,94.44,95.77,94.3,95.6,35836356,99.985
-0.009474681545425894,95.49,96.46,95.33,95.89,26026540,99.9922
0.005652674552496663,95.39,95.4,94.46,94.99,27705210,100.0105
0.004273504273504238,94.6,95.66,94.37,95.53,30949090,100.03
0.007654116673562361,95.7,96.5,95.62,95.94,25139558,100.03040000000001
0.003093421323984297,96.49,96.89,96.05,96.68,28912103,100.01899999999999
0.004516526380619972,96.75,97.65,96.73,96.98,23794945,100.03059999999999
-0.005677712398059225,97.17,97.7,97.12,97.42,24167463,100.0389
0.019435165502581248,97.41,97.67,96.84,96.87,25892171,100.058
-0.00010123506782754724,97.39,98.99,97.32,98.79,38918997,100.09890000000001
0.010517880396674319,98.92,99.3,98.5,98.78,30136990,100.1362
0.0004005206768800065,98.7,100.13,98.6,99.83,36493867,100.16730000000001
0.0009003601440575151,99.56,100.0,99.34,99.87,23779924,100.1978
-0.005330383184149521,100.0,100.46,99.74,99.96,26275968,100.2252
-0.007804581390634606,99.83,101.0,99.13,99.43,32702028,100.20649999999999
-0.01356071501951914,99.26,99.3,98.31,98.66,28313669,100.1724
-0.006930795489810714,98.25,98.84,96.92,97.34,40382921,100.1241
0.06100048567265664,96.82,97.97,96.42,96.67,56239822,100.1235
0.013321832470768647,104.26,104.35,102.75,102.95,92344820,100.1482
-0.0012474810478841731,102.83,104.45,102.82,104.34,39869839,100.17999999999998
0.017350306459217382,104.19,104.55,103.68,104.21,27733688,100.22929999999997
-0.015026799387442507,104.41,106.15,104.41,106.05,38167871,100.26239999999996
0.012383022970034996,106.05,106.07,104.0,104.48,33816556,100.29769999999996
0.0007556437139888381,104.81,105.84,104.77,105.79,30202641,100.33119999999997
0.014979531075548934,105.58,106.0,105.28,105.87,27408650,100.36019999999996
0.008212604964473567,106.27,107.65,106.18,107.48,40553402,100.38419999999998
0.004043745979229829,107.52,108.37,107.16,108.37,28037220,100.41429999999998
-0.007500000000000021,108.23,108.94,108.01,108.81,26315204,100.43509999999998
-0.0006485685166310866,108.71,108.9,107.76,108.0,24008505,100.4553
0.0023109632094657053,108.52,108.93,107.85,107.93,27484506,100.4699
0.011874314943368625,107.78,108.44,107.78,108.18,18660434,100.5034
-0.0009142439202780081,108.14,109.54,108.08,109.48,25868209,100.5405
-0.0014649331624244331,109.63,110.23,109.21,109.38,33794448,100.58079999999998
-0.0012834616795012886,109.1,109.37,108.34,109.22,25355976,100.59479999999998
0.0025603511338697983,109.23,109.6,109.02,109.08,21984703,100.59279999999998
-0.007833379412035704,108.77,109.69,108.36,109.36,25368072,100.588
0.003123564538355436,108.86,109.1,107.85,108.51,25820230,100.5766
-0.0075904841247800905,108.59,109.32,108.53,108.85,21257669,100.5457
-0.0042762852096310125,108.56,108.75,107.68,108.03,23675081,100.5233
-0.005891153918084865,107.39,107.88,106.68,107.57,25086248,100.48310000000001
-0.0011233851338701044,107.41,107.95,106.31,106.94,27766291,100.4659
-0.007735849056603709,106.62,107.44,106.29,106.82,24970300,100.4393
0.0009425070688029625,105.8,106.5,105.5,106.0,24863945,100.4101
0.005902745245010865,105.66,106.57,105.64,106.1,29662406,100.37299999999999
0.0092824654228163,106.14,106.8,105.62,106.73,26701523,100.32989999999998
-0.0002785515320334367,107.7,108.0,106.82,107.73,26334858,100.28589999999998
0.00609080841638978,107.9,108.3,107.51,107.7,26880391,100.27099999999999
-0.02691432903714939,107.83,108.76,107.07,108.36,42364328,100.25139999999999
-0.023174633957141477,107.25,107.27,105.24,105.52,53002026,100.21359999999999
0.021908194233687426,104.64,105.72,103.13,103.13,46556984,100.1967
0.023251505326540113,102.65,105.72,102.53,105.44,45292770,100.21650000000001
0.03417732844233688,107.51,108.79,107.24,107.95,62176190,100.27740000000001
0.03288050532145018,108.73,113.03,108.6,111.77,112340318,100.38230000000001
-0.005656108597284994,113.86,115.73,113.49,115.57,90613177,100.48800000000001
-0.011797851734460322,115.12,116.13,114.04,114.92,79886911,100.64560000000002
-8.805142203051084e-05,115.19,116.18,113.25,113.58,47023046,100.83300000000001
-0.0001761338617348835,113.05,114.12,112.51,113.57,34514269,101.03110000000001
0.009335194555923987,113.85,113.99,112.44,113.55,36003185,101.24090000000002
-0.01694614497382673,114.35,114.94,114.0,114.62,31073984,101.4162
0.0015060240963855574,114.42,114.79,111.55,112.71,52481151,101.6031
0.0018569281103546552,111.64,113.39,111.55,112.88,29869442,101.8016
0.00754716981132075,113.0,113.18,112.34,113.09,24607412,102.0139
-0.015778213585309286,113.69,114.64,113.43,113.95,29641085,102.2078
0.00769570986289244,113.16,113.8,111.8,112.18,35886990,102.4041
-0.0047102737291148345,112.46,113.37,111.8,113.05,36379106,102.6042
0.004247787610619504,112.71,113.05,112.28,112.52,21701760,102.8308
0.00044228217602828093,113.06,114.31,112.63,113.0,29736835,103.05609999999999
0.007375537799631253,113.4,113.66,112.69,113.05,21453089,103.25619999999999
0.0014904436261616843,113.7,114.34,113.13,113.89,28779313,103.46189999999999
0.01714778112882374,114.31,114.56,113.51,114.06,24358443,103.67679999999999
0.0021496130696474634,115.02,116.75,114.72,116.05,36235956,103.89779999999998
0.00886313277654684,117.7,118.69,116.2,116.3,64041043,104.11899999999997
-0.0030774491366045427,117.35,117.98,116.75,117.34,37586787,104.32449999999997
0.005525801241179898,116.79,117.44,115.72,116.98,35192406,104.52179999999997
-0.0006805614632071314,117.88,118.17,117.13,117.63,35652191,104.70109999999995
-0.0006810249425385059,117.33,117.84,116.78,117.55,23624896,104.87169999999995
-0.0029883879781420278,118.18,118.21,117.45,117.47,24553478,105.03939999999994
-0.0005125576627370773,117.25,117.76,113.8,117.12,20034594,105.21139999999994
-0.003945111492281372,116.86,117.38,116.33,117.06,24125801,105.39279999999995
0.008924776880578082,116.81,116.91,116.28,116.6,23192665,105.59209999999996
0.005073995771670142,117.1,117.74,117.0,117.65,23538673,105.79539999999996
-0.023012371312397237,117.95,118.36,117.31,118.25,48128970,105.96499999999996
-0.009696016771488465,114.31,115.7,113.31,115.59,66134219,106.11949999999996
-0.006683081252198427,115.39,115.86,114.1,114.48,34562045,106.26729999999993
-0.0015853443720274141,113.87,115.21,113.45,113.72,37861662,106.40619999999996
-0.0183872993093552,113.65,114.23,113.2,113.54,26419398,106.53279999999995
0.000896137646742616,113.46,113.77,110.53,111.49,43825812,106.67529999999995
-0.01602476554675412,111.4,112.35,111.23,111.59,28331709,106.79899999999996
-0.009095920617420018,110.98,111.46,109.55,109.83,26932602,106.91599999999997
0.014219726474051201,108.53,110.25,108.11,108.84,30836997,107.04459999999997
0.005852692238429729,110.08,110.51,109.46,110.41,32560000,107.20189999999997
-0.001623376623376685,110.31,111.72,109.7,111.06,24254179,107.35969999999996
-0.02866685221263558,109.88,111.32,108.05,110.88,59176361,107.47849999999997
0.005902425527990414,111.09,111.09,105.83,107.79,57134541,107.60729999999998
-0.0257307728691705,107.12,108.87,106.55,108.43,34143898,107.70339999999996
0.013070675007002201,107.71,107.81,104.08,105.71,51175504,107.84049999999998
0.026184198563505734,106.57,107.68,106.16,107.11,32264510,108.01999999999997
-0.0003638017280581359,106.7,110.23,106.6,109.99,58840522,108.18359999999997
0.000999454842813006,109.81,110.35,108.83,109.95,26964598,108.34019999999997
0.014946746621319267,109.72,110.54,109.66,110.06,28428917,108.50149999999996
0.0006261180679784721,110.12,111.99,110.01,111.73,29264571,108.66059999999996
-0.005124516767059185,111.95,112.42,111.4,111.8,25965534,108.82299999999995
0.005009392611145918,111.36,111.51,110.33,111.23,27426394,108.98559999999996
-0.001971856233754711,111.47,111.87,110.95,111.79,11475922,109.14189999999995
-0.0009869011304503808,111.43,112.46,111.39,111.57,27193983,109.28969999999994
-0.00850524791892868,110.78,112.03,110.07,111.46,28528750,109.42509999999994
-0.00940725180381771,111.6,112.2,110.27,110.52,36162258,109.54579999999994
0.003730664240218478,110.36,110.94,109.03,109.49,37086862,109.67609999999993
-0.007240399596737295,109.17,110.09,108.85,109.9,26527997,109.77929999999994
0.007639836289222404,110.0,110.03,108.25,109.11,34324540,109.89099999999993
0.009727100783571993,109.5,110.36,109.19,109.95,26195462,110.00299999999994
0.009721726721369991,109.26,111.19,109.16,111.03,29998719,110.12549999999993
0.016059675296182522,110.86,112.43,110.6,112.12,27068316,110.26539999999996
-0.005736981465136856,112.31,114.7,112.31,113.95,34402627,110.40409999999994
0.016407674277281018,113.29,115.0,112.49,113.3,26374377,110.56939999999994
0.0,113.84,115.92,113.75,115.19,43733811,110.74789999999996
0.005439475047487442,115.04,116.2,114.98,115.19,34031834,110.93939999999995
0.0012934379580926592,115.38,116.73,115.23,115.82,46524544,111.06959999999994
0.005744170096021963,116.47,116.5,115.64,115.97,44351134,111.19259999999993
0.002650705429670819,115.8,117.38,115.75,116.64,27779423,111.31999999999995
0.0009396890483512679,116.74,117.5,116.68,116.95,21424965,111.43009999999995
-0.0066213775905064574,116.8,117.4,116.78,117.06,23783165,111.54819999999997
0.0019739100583589923,116.35,116.51,115.64,116.29,26085854,111.65549999999996
0.006310762408323461,115.59,116.52,115.59,116.52,14249484,111.76939999999995
-0.004282288454950325,116.52,117.8,116.49,117.26,18296855,111.86219999999996
-0.0002570033410434433,117.52,118.02,116.2,116.76,20905892,111.94579999999995
-0.007857019513037565,116.45,117.11,116.4,116.73,15039519,112.01589999999995
0.0028411536805855574,116.65,117.2,115.43,115.82,30586265,112.09739999999994
-0.0011204964661266133,115.8,116.33,114.76,116.15,28781865,112.17829999999995
0.005059600377326159,115.85,116.51,115.75,116.02,21118116,112.26259999999995
0.011025358324145512,115.92,116.86,115.81,116.61,22193587,112.34689999999995
0.009076392974199498,116.78,118.16,116.47,117.91,31751900,112.44299999999996
0.0010074720846276932,117.95,119.43,117.94,118.99,33561948,112.54189999999997
0.005344467640918585,118.77,119.38,118.3,119.11,24462051,112.64859999999997
-0.0041928721174004195,118.74,119.93,118.6,119.75,27588593,112.74749999999996
-0.001764112903225754,118.9,119.3,118.21,119.25,27086220,112.85279999999997
0.007999999999999948,119.11,119.62,118.81,119.04,26111948,112.96429999999997
-8.334027835657236e-05,118.34,120.24,118.22,120.0,34439843,113.08389999999996
-0.0017532142260810965,120.0,120.5,119.71,119.99,23712961,113.20599999999996
0.0018333333333333238,119.4,120.09,119.37,119.78,25597291,113.33659999999996
0.0006662225183211051,120.45,120.45,119.73,120.0,32597892,113.46919999999996
-0.0009168958906393218,120.0,120.81,119.77,120.08,22050218,113.60889999999996
0.015671151952740374,119.55,120.1,119.5,119.97,23211038,113.76669999999994
0.0004920452681646898,120.42,122.1,120.28,121.88,32586673,113.91879999999996
8.200082000824203e-05,121.67,122.44,121.6,121.94,26337576,114.06099999999996
-0.002630929869275733,122.14,122.35,121.6,121.95,20562944,114.20029999999996
-0.0023073753605274095,120.93,121.63,120.66,121.63,30377503,114.33019999999995
0.05747572815533985,121.15,121.39,120.62,121.35,49200993,114.56249999999994
-0.001711662646852866,127.03,130.49,127.01,128.75,111985040,114.81649999999996
0.004260923458320509,127.98,129.39,127.78,128.53,33710411,115.05289999999995
0.009286975209148665,128.31,129.19,128.16,129.08,24507301,115.27629999999995
0.009427507032616203,129.13,130.5,128.9,130.29,26845924,115.47389999999996
0.0038624659194182896,130.54,132.09,130.45,131.53,38183841,115.63859999999997
0.0028696571514876565,131.35,132.22,131.22,132.04,23004072,115.81359999999997
-0.002270663033605684,131.65,132.44,131.12,132.42,28349859,115.99899999999998
0.00877785280216061,132.46,132.94,132.05,132.12,20065458,116.19619999999999
0.01281291660494755,133.08,133.82,132.75,133.29,23035421,116.4109
0.003615969301158444,133.47,135.09,133.25,135.02,33226223,116.6198
-0.0012560957588295218,135.52,136.27,134.62,135.51,35623100,116.8461
0.0027998821102269045,135.67,135.9,134.84,135.34,22584555,117.0745
0.007168983174835331,135.1,135.83,135.1,135.72,22198197,117.31060000000001
0.0029902997593175187,136.23,136.75,135.98,136.7,24507156,117.54220000000001
-0.004248150589614095,136.43,137.12,136.11,137.11,20836932,117.78570000000002
0.0009512659154104746,137.38,137.48,136.3,136.53,20788186,118.02180000000003
0.0019718104140802615,135.91,136.66,135.28,136.66,21776585,118.26590000000002
0.00043798817431930996,137.14,137.44,136.28,136.93,20257426,118.50580000000002
0.020030045067601282,137.08,137.44,136.7,136.99,23482860,118.77320000000003
-0.0059729418537707545,137.89,140.15,137.6,139.79,36414585,119.02390000000003
0.005866361425096531,140.0,140.28,138.76,138.96,26210984,119.28110000000004
-0.003157743648629236,138.78,139.83,138.59,139.78,21571121,119.51400000000005
0.001290137614678948,139.36,139.77,138.6,139.34,21750044,119.74620000000006
-0.003741007194244678,139.06,139.98,138.79,139.52,17446297,119.96280000000006
-0.0023074704355349955,138.95,139.8,138.82,139.0,18707236,120.17980000000007
0.003306022710938476,138.74,138.79,137.05,138.68,22155904,120.39490000000006
0.00043103448275863706,139.25,139.36,138.64,139.14,19612801,120.61140000000009
-0.0015109000647527127,138.85,139.43,138.82,139.2,17421717,120.82660000000008
0.010465612985903452,139.3,139.65,138.84,138.99,15309065,121.06000000000007
0.0016347999147060188,139.41,140.75,139.02,140.46,25691774,121.29630000000009
-0.005000357168369087,140.72,141.02,140.26,140.69,19231998,121.53020000000008
0.010391630142796541,141.0,141.0,139.89,139.99,43884952,121.76830000000007
-0.011584668192219712,140.4,141.5,140.23,141.46,21542038,121.98420000000007
0.011172394286522305,142.11,142.8,139.73,139.84,39529912,122.24250000000008
-0.003548112404200965,139.84,141.6,139.76,141.42,25860165,122.50690000000007
-0.0019908987485779375,141.26,141.58,140.61,140.92,20346301,122.77610000000008
0.001703577512776896,141.5,141.74,140.35,140.64,22395563,123.04950000000007
0.02030598052851193,139.39,141.22,138.62,140.88,23575094,123.37260000000006
0.002220371912295262,140.91,144.04,140.62,143.8,33374805,123.69790000000006
-0.0013200861529910214,143.68,144.49,143.19,144.12,29189955,124.03890000000007
-0.00187943756090777,144.19,144.5,143.5,143.93,21207252,124.38710000000006
0.00027835768963112073,143.72,144.27,143.01,143.66,19661651,124.72000000000007
0.007391034054016865,143.71,144.12,143.05,143.7,19985714,125.05710000000008
-0.005207610054159144,143.25,144.89,143.17,144.77,19891354,125.38850000000009
-0.0025059167478770268,144.22,145.46,143.81,144.02,27717854,125.74720000000008
-0.002232454304450908,144.29,144.52,143.45,143.66,21149034,126.09630000000008
-0.0011873995948873083,143.73,144.18,143.27,143.34,16672198,126.47090000000009
-0.010873402527712999,143.6,143.88,142.9,143.17,18933397,126.81610000000008
0.0011988716502116777,142.94,143.35,140.06,141.63,30379376,127.13420000000008
-0.005317263381779511,141.6,142.15,141.01,141.8,20350000,127.44520000000006
0.005499541704857936,141.91,142.38,141.05,141.05,17822880,127.76290000000006
-0.004461756373937847,141.48,141.88,140.87,141.83,16582094,128.05760000000006
-0.0036963321012225036,141.41,142.04,141.11,141.2,14697544,128.34640000000007
0.012356079752878342,141.88,142.0,140.45,140.68,17328375,128.6585000000001
-0.0011949110845574434,141.22,142.92,141.16,142.44,23319562,128.9633000000001
0.009537733221943583,142.44,142.68,141.85,142.27,17320928,129.28400000000008
0.00615789109527444,143.5,143.95,143.18,143.64,17134333,129.6147000000001
-0.005915924276169225,143.91,144.9,143.87,144.53,18871501,129.9463000000001
0.0007650045204811546,144.47,144.6,143.38,143.68,20041241,130.2893000000001
-0.0009745910198397936,143.92,144.16,143.31,143.79,14246347,130.62680000000012
0.019989084458998545,144.09,144.3,143.27,143.65,20860358,131.0015000000001
0.006304657311368575,145.1,147.2,144.96,146.58,33602943,131.3771000000001
-0.003059975520195761,147.54,148.09,146.84,147.51,45352194,131.7374000000001
-0.0036170067562956466,145.59,147.49,144.27,147.06,45697034,132.0815000000001
0.016313104189044084,146.52,147.14,145.81,146.53,23371872,132.43160000000006
0.02646885824455907,146.76,148.98,146.76,148.96,27327725,132.82870000000008
0.006364049613611391,149.03,153.7,149.03,153.01,48752413,133.21670000000006
-0.004763147592326884,153.87,154.88,153.45,153.99,39130363,133.59740000000008
0.004481974667099693,153.63,153.94,152.11,153.26,25805692,133.9787000000001
0.013773222293401702,152.45,154.07,152.31,153.95,27255058,134.38000000000008
-0.002569043031470814,154.7,156.42,154.67,156.1,32527017,134.77060000000012
-0.001479385090371067,156.01,156.65,155.05,155.7,26009719,135.15580000000008
-0.03474209650582362,155.94,156.06,154.72,155.47,20048478,135.4877000000001
0.015012455749311605,153.6,154.57,149.71,150.25,50767678,135.8502000000001
0.003397360512217498,151.27,153.34,151.13,152.54,33568215,136.21560000000008
0.006039353204753599,153.38,153.98,152.63,153.06,26960788,136.58290000000008
-0.0012353706111833402,154.0,154.58,152.91,153.99,22966437,136.95330000000007
-0.002999869570888274,154.9,154.9,153.31,153.8,19918871,137.3194000000001
0.0034444661077533056,153.84,154.17,152.67,153.34,19219154,137.6999000000001
-0.0016925981381419888,153.73,154.35,153.03,153.87,19235598,138.07450000000009
0.0003904470618856892,154.0,154.24,153.31,153.61,21927637,138.4510000000001
-0.005957056821157349,153.42,154.43,153.33,153.67,20126851,138.81250000000009
0.002741872307089802,153.97,154.17,152.38,152.76,24451164,139.16520000000008
0.01460276616275318,153.17,153.33,152.22,153.18,16404088,139.5298000000001
-0.009874618333008392,153.58,155.45,152.89,155.45,27770715,139.8780000000001
0.0033667853674327086,154.34,154.45,153.46,153.93,25331662,140.2250000000001
0.005921349037780884,153.9,155.81,153.78,154.45,26624926,140.5862000000001
-0.0024517710820052612,155.02,155.98,154.48,155.37,21069647,140.9457000000001
-0.04034098536716351,155.25,155.54,154.4,154.99,21250798,141.23550000000012
-0.024480814193370944,155.19,155.19,146.02,148.98,64882657,141.48980000000012
0.007981444846169698,145.74,146.09,142.51,145.42,72307330,141.7579000000001
-0.009851198677321623,147.16,147.45,145.15,146.59,34165445,142.0095000000001
-0.0060295238755284815,147.5,147.5,143.84,145.16,31531232,142.2516000000001
-0.01419835524003642,143.32,144.48,142.21,144.29,32165373,142.47460000000012
0.02781194478611448,143.78,144.5,142.2,142.27,50361093,142.71920000000011
-0.009171781256465159,143.66,146.74,143.66,146.34,32541404,142.94990000000013
0.005895660519640869,146.87,146.87,144.94,145.01,24900073,143.18910000000014
,145.52,146.07,144.61,145.87,21265751,141.97280000000012
